Spotify URI,Voter ID,Created,Points Assigned,Comment,Round ID
spotify:track:0H188Mi13wkwwwUvczPdmC,dcc28e0cb1484913a81b2043ee1b3fb9,2025-10-07T02:15:41Z,2,,19188e64ed3a413da9eeb1bb14b76739
spotify:track:33SNO8AaciGbNaQFkxvPrW,dcc28e0cb1484913a81b2043ee1b3fb9,2025-10-07T02:15:41Z,2,,19188e64ed3a413da9eeb1bb14b76739
spotify:track:3Cx9j78Z0NE6jYwBWvvV3P,dcc28e0cb1484913a81b2043ee1b3fb9,2025-10-07T02:15:41Z,0,Not for me,19188e64ed3a413da9eeb1bb14b76739
spotify:track:5CQ30WqJwcep0pYcV4AMNc,dcc28e0cb1484913a81b2043ee1b3fb9,2025-10-07T02:15:41Z,2,,19188e64ed3a413da9eeb1bb14b76739
spotify:track:6dOtVTDdiauQNBQEDOtlAB,dcc28e0cb1484913a81b2043ee1b3fb9,2025-10-07T02:15:41Z,3,,19188e64ed3a413da9eeb1bb14b76739
spotify:track:7shVwhUdVbHpykOfbzvDc1,dcc28e0cb1484913a81b2043ee1b3fb9,2025-10-07T02:15:41Z,2,,19188e64ed3a413da9eeb1bb14b76739
spotify:track:5CQ30WqJwcep0pYcV4AMNc,7c67a5a1dc45447dbe8663e3d0569caa,2025-10-07T04:52:08Z,4,,19188e64ed3a413da9eeb1bb14b76739
spotify:track:6dOtVTDdiauQNBQEDOtlAB,7c67a5a1dc45447dbe8663e3d0569caa,2025-10-07T04:52:08Z,3,,19188e64ed3a413da9eeb1bb14b76739
spotify:track:7eqxiUvxo1LXbttNPcwA9W,7c67a5a1dc45447dbe8663e3d0569caa,2025-10-07T04:52:08Z,2,,19188e64ed3a413da9eeb1bb14b76739
spotify:track:7shVwhUdVbHpykOfbzvDc1,7c67a5a1dc45447dbe8663e3d0569caa,2025-10-07T04:52:08Z,2,,19188e64ed3a413da9eeb1bb14b76739
spotify:track:0H188Mi13wkwwwUvczPdmC,b3dfab17cc1e4751b56296dd32ed7b12,2025-10-07T17:27:26Z,4,,19188e64ed3a413da9eeb1bb14b76739
spotify:track:33SNO8AaciGbNaQFkxvPrW,b3dfab17cc1e4751b56296dd32ed7b12,2025-10-07T17:27:26Z,1,,19188e64ed3a413da9eeb1bb14b76739
spotify:track:5CQ30WqJwcep0pYcV4AMNc,b3dfab17cc1e4751b56296dd32ed7b12,2025-10-07T17:27:26Z,3,,19188e64ed3a413da9eeb1bb14b76739
spotify:track:7eqxiUvxo1LXbttNPcwA9W,b3dfab17cc1e4751b56296dd32ed7b12,2025-10-07T17:27:26Z,2,,19188e64ed3a413da9eeb1bb14b76739
spotify:track:7shVwhUdVbHpykOfbzvDc1,b3dfab17cc1e4751b56296dd32ed7b12,2025-10-07T17:27:26Z,1,,19188e64ed3a413da9eeb1bb14b76739
spotify:track:0H188Mi13wkwwwUvczPdmC,e999240901ce4d76955dcfe00bf2f022,2025-10-08T01:55:26Z,3,Forgot about this song. What a classic ,19188e64ed3a413da9eeb1bb14b76739
spotify:track:33SNO8AaciGbNaQFkxvPrW,e999240901ce4d76955dcfe00bf2f022,2025-10-08T01:55:26Z,1,,19188e64ed3a413da9eeb1bb14b76739
spotify:track:3Cx9j78Z0NE6jYwBWvvV3P,e999240901ce4d76955dcfe00bf2f022,2025-10-08T01:55:26Z,1,,19188e64ed3a413da9eeb1bb14b76739
spotify:track:5CQ30WqJwcep0pYcV4AMNc,e999240901ce4d76955dcfe00bf2f022,2025-10-08T01:55:26Z,2,Historic!! ,19188e64ed3a413da9eeb1bb14b76739
spotify:track:6dOtVTDdiauQNBQEDOtlAB,e999240901ce4d76955dcfe00bf2f022,2025-10-08T01:55:26Z,3,Swwooon!,19188e64ed3a413da9eeb1bb14b76739
spotify:track:7eqxiUvxo1LXbttNPcwA9W,e999240901ce4d76955dcfe00bf2f022,2025-10-08T01:55:26Z,1,,19188e64ed3a413da9eeb1bb14b76739
spotify:track:3Cx9j78Z0NE6jYwBWvvV3P,2c50a279a7434625875744cd926951b5,2025-10-08T07:10:05Z,2,,19188e64ed3a413da9eeb1bb14b76739
spotify:track:5CQ30WqJwcep0pYcV4AMNc,2c50a279a7434625875744cd926951b5,2025-10-08T07:10:05Z,5,,19188e64ed3a413da9eeb1bb14b76739
spotify:track:6dOtVTDdiauQNBQEDOtlAB,2c50a279a7434625875744cd926951b5,2025-10-08T07:10:05Z,2,,19188e64ed3a413da9eeb1bb14b76739
spotify:track:7shVwhUdVbHpykOfbzvDc1,2c50a279a7434625875744cd926951b5,2025-10-08T07:10:05Z,2,,19188e64ed3a413da9eeb1bb14b76739
spotify:track:33SNO8AaciGbNaQFkxvPrW,2f0b5460e6ad4c9a9203f605c3ca0ad5,2025-10-09T20:35:12Z,4,He's just so talented! ,19188e64ed3a413da9eeb1bb14b76739
spotify:track:5CQ30WqJwcep0pYcV4AMNc,2f0b5460e6ad4c9a9203f605c3ca0ad5,2025-10-09T20:35:12Z,5,So jelly,19188e64ed3a413da9eeb1bb14b76739
spotify:track:6dOtVTDdiauQNBQEDOtlAB,2f0b5460e6ad4c9a9203f605c3ca0ad5,2025-10-09T20:35:12Z,1,"Plus 1 for Billie, had not heard this'n before, not her typical scary affair",19188e64ed3a413da9eeb1bb14b76739
spotify:track:7eqxiUvxo1LXbttNPcwA9W,2f0b5460e6ad4c9a9203f605c3ca0ad5,2025-10-09T20:35:12Z,1,,19188e64ed3a413da9eeb1bb14b76739
spotify:track:0H188Mi13wkwwwUvczPdmC,576dfe5c1d6d4348bb1010d3c16ffd6e,2025-10-10T00:38:17Z,3,Eh,19188e64ed3a413da9eeb1bb14b76739
spotify:track:33SNO8AaciGbNaQFkxvPrW,576dfe5c1d6d4348bb1010d3c16ffd6e,2025-10-10T00:38:17Z,2,Nice,19188e64ed3a413da9eeb1bb14b76739
spotify:track:3Cx9j78Z0NE6jYwBWvvV3P,576dfe5c1d6d4348bb1010d3c16ffd6e,2025-10-10T00:38:17Z,1,Not a favorite,19188e64ed3a413da9eeb1bb14b76739
spotify:track:5CQ30WqJwcep0pYcV4AMNc,576dfe5c1d6d4348bb1010d3c16ffd6e,2025-10-10T00:38:17Z,0,I love it.  Feel like I'm 20,19188e64ed3a413da9eeb1bb14b76739
spotify:track:6dOtVTDdiauQNBQEDOtlAB,576dfe5c1d6d4348bb1010d3c16ffd6e,2025-10-10T00:38:17Z,1,Very nice,19188e64ed3a413da9eeb1bb14b76739
spotify:track:7eqxiUvxo1LXbttNPcwA9W,576dfe5c1d6d4348bb1010d3c16ffd6e,2025-10-10T00:38:17Z,2,Memories,19188e64ed3a413da9eeb1bb14b76739
spotify:track:7shVwhUdVbHpykOfbzvDc1,576dfe5c1d6d4348bb1010d3c16ffd6e,2025-10-10T00:38:17Z,2,Like it,19188e64ed3a413da9eeb1bb14b76739
spotify:track:1FTSo4v6BOZH9QxKc3MbVM,e999240901ce4d76955dcfe00bf2f022,2025-10-12T02:22:32Z,1,,75cf5c3af0d5406e9282586bb5fef633
spotify:track:6WkSUgo1VdpzgtiXKlFPcY,e999240901ce4d76955dcfe00bf2f022,2025-10-12T02:22:32Z,1,,75cf5c3af0d5406e9282586bb5fef633
spotify:track:6qspW4YKycviDFjHBOaqUY,e999240901ce4d76955dcfe00bf2f022,2025-10-12T02:22:32Z,3,,75cf5c3af0d5406e9282586bb5fef633
spotify:track:476V2d6iA2tWXgQboKmTtA,e999240901ce4d76955dcfe00bf2f022,2025-10-12T02:22:32Z,2,,75cf5c3af0d5406e9282586bb5fef633
spotify:track:25FTMokYEbEWHEdss5JLZS,e999240901ce4d76955dcfe00bf2f022,2025-10-12T02:22:32Z,1,,75cf5c3af0d5406e9282586bb5fef633
spotify:track:1SWmFiFSIBoDbQJjNKC7SR,e999240901ce4d76955dcfe00bf2f022,2025-10-12T02:22:32Z,3,,75cf5c3af0d5406e9282586bb5fef633
spotify:track:6WkSUgo1VdpzgtiXKlFPcY,576dfe5c1d6d4348bb1010d3c16ffd6e,2025-10-12T15:51:27Z,1,,75cf5c3af0d5406e9282586bb5fef633
spotify:track:1FTSo4v6BOZH9QxKc3MbVM,576dfe5c1d6d4348bb1010d3c16ffd6e,2025-10-12T15:51:27Z,1,,75cf5c3af0d5406e9282586bb5fef633
spotify:track:25FTMokYEbEWHEdss5JLZS,576dfe5c1d6d4348bb1010d3c16ffd6e,2025-10-12T15:51:27Z,1,,75cf5c3af0d5406e9282586bb5fef633
spotify:track:3ArPxT1Wt0Yse6kBeCqGFe,576dfe5c1d6d4348bb1010d3c16ffd6e,2025-10-12T15:51:27Z,2,,75cf5c3af0d5406e9282586bb5fef633
spotify:track:476V2d6iA2tWXgQboKmTtA,576dfe5c1d6d4348bb1010d3c16ffd6e,2025-10-12T15:51:27Z,4,,75cf5c3af0d5406e9282586bb5fef633
spotify:track:6qspW4YKycviDFjHBOaqUY,576dfe5c1d6d4348bb1010d3c16ffd6e,2025-10-12T15:51:27Z,2,,75cf5c3af0d5406e9282586bb5fef633
spotify:track:6WkSUgo1VdpzgtiXKlFPcY,7c67a5a1dc45447dbe8663e3d0569caa,2025-10-12T16:28:40Z,3,Great song. ,75cf5c3af0d5406e9282586bb5fef633
spotify:track:6qspW4YKycviDFjHBOaqUY,7c67a5a1dc45447dbe8663e3d0569caa,2025-10-12T16:28:40Z,2,"I feel like this is what Mara thought was my song. Which, to be fair, is not a crazy guess. ",75cf5c3af0d5406e9282586bb5fef633
spotify:track:3ArPxT1Wt0Yse6kBeCqGFe,7c67a5a1dc45447dbe8663e3d0569caa,2025-10-12T16:28:40Z,2,This is still a great album ,75cf5c3af0d5406e9282586bb5fef633
spotify:track:1SWmFiFSIBoDbQJjNKC7SR,7c67a5a1dc45447dbe8663e3d0569caa,2025-10-12T16:28:40Z,2,This song is so good is practically cheating ,75cf5c3af0d5406e9282586bb5fef633
spotify:track:1FTSo4v6BOZH9QxKc3MbVM,7c67a5a1dc45447dbe8663e3d0569caa,2025-10-12T16:28:40Z,2,I feel like this has to be Mara ,75cf5c3af0d5406e9282586bb5fef633
spotify:track:1SWmFiFSIBoDbQJjNKC7SR,b3dfab17cc1e4751b56296dd32ed7b12,2025-10-13T16:07:22Z,2,,75cf5c3af0d5406e9282586bb5fef633
spotify:track:1FTSo4v6BOZH9QxKc3MbVM,b3dfab17cc1e4751b56296dd32ed7b12,2025-10-13T16:07:22Z,2,,75cf5c3af0d5406e9282586bb5fef633
spotify:track:25FTMokYEbEWHEdss5JLZS,b3dfab17cc1e4751b56296dd32ed7b12,2025-10-13T16:07:22Z,2,,75cf5c3af0d5406e9282586bb5fef633
spotify:track:3ArPxT1Wt0Yse6kBeCqGFe,b3dfab17cc1e4751b56296dd32ed7b12,2025-10-13T16:07:22Z,2,,75cf5c3af0d5406e9282586bb5fef633
spotify:track:476V2d6iA2tWXgQboKmTtA,b3dfab17cc1e4751b56296dd32ed7b12,2025-10-13T16:07:22Z,1,,75cf5c3af0d5406e9282586bb5fef633
spotify:track:6WkSUgo1VdpzgtiXKlFPcY,b3dfab17cc1e4751b56296dd32ed7b12,2025-10-13T16:07:22Z,2,,75cf5c3af0d5406e9282586bb5fef633
spotify:track:6WkSUgo1VdpzgtiXKlFPcY,2c50a279a7434625875744cd926951b5,2025-10-14T04:37:58Z,3,"Quite good, especially when only hearing it once a year instead of once an hour like when it first came out. ",75cf5c3af0d5406e9282586bb5fef633
spotify:track:1SWmFiFSIBoDbQJjNKC7SR,2c50a279a7434625875744cd926951b5,2025-10-14T04:37:58Z,1,Is it weird that I can't picture a teenager liking this song? It seems like this song skipped being a new release and went straight to oldie or classic (soft) rock. ,75cf5c3af0d5406e9282586bb5fef633
spotify:track:25FTMokYEbEWHEdss5JLZS,2c50a279a7434625875744cd926951b5,2025-10-14T04:37:58Z,4,I submitted this in another league! ,75cf5c3af0d5406e9282586bb5fef633
spotify:track:3ArPxT1Wt0Yse6kBeCqGFe,2c50a279a7434625875744cd926951b5,2025-10-14T04:37:58Z,1,I don't like this one as much as a couple other songs on this album. ,75cf5c3af0d5406e9282586bb5fef633
spotify:track:476V2d6iA2tWXgQboKmTtA,2c50a279a7434625875744cd926951b5,2025-10-14T04:37:58Z,2,Very good on vinyl (credit to Jerzyk for that) ,75cf5c3af0d5406e9282586bb5fef633
spotify:track:6qspW4YKycviDFjHBOaqUY,2c50a279a7434625875744cd926951b5,2025-10-14T04:37:58Z,0,I have never been able to get into this song. ,75cf5c3af0d5406e9282586bb5fef633
spotify:track:6WkSUgo1VdpzgtiXKlFPcY,dcc28e0cb1484913a81b2043ee1b3fb9,2025-10-14T23:50:57Z,1,,75cf5c3af0d5406e9282586bb5fef633
spotify:track:6qspW4YKycviDFjHBOaqUY,dcc28e0cb1484913a81b2043ee1b3fb9,2025-10-14T23:50:57Z,2,,75cf5c3af0d5406e9282586bb5fef633
spotify:track:3ArPxT1Wt0Yse6kBeCqGFe,dcc28e0cb1484913a81b2043ee1b3fb9,2025-10-14T23:50:57Z,2,,75cf5c3af0d5406e9282586bb5fef633
spotify:track:25FTMokYEbEWHEdss5JLZS,dcc28e0cb1484913a81b2043ee1b3fb9,2025-10-14T23:50:57Z,2,,75cf5c3af0d5406e9282586bb5fef633
spotify:track:1SWmFiFSIBoDbQJjNKC7SR,dcc28e0cb1484913a81b2043ee1b3fb9,2025-10-14T23:50:57Z,3,,75cf5c3af0d5406e9282586bb5fef633
spotify:track:1FTSo4v6BOZH9QxKc3MbVM,dcc28e0cb1484913a81b2043ee1b3fb9,2025-10-14T23:50:57Z,1,,75cf5c3af0d5406e9282586bb5fef633
spotify:track:6qspW4YKycviDFjHBOaqUY,2f0b5460e6ad4c9a9203f605c3ca0ad5,2025-10-15T15:59:15Z,1,,75cf5c3af0d5406e9282586bb5fef633
spotify:track:476V2d6iA2tWXgQboKmTtA,2f0b5460e6ad4c9a9203f605c3ca0ad5,2025-10-15T15:59:15Z,3,,75cf5c3af0d5406e9282586bb5fef633
spotify:track:3ArPxT1Wt0Yse6kBeCqGFe,2f0b5460e6ad4c9a9203f605c3ca0ad5,2025-10-15T15:59:15Z,3,,75cf5c3af0d5406e9282586bb5fef633
spotify:track:25FTMokYEbEWHEdss5JLZS,2f0b5460e6ad4c9a9203f605c3ca0ad5,2025-10-15T15:59:15Z,2,,75cf5c3af0d5406e9282586bb5fef633
spotify:track:1FTSo4v6BOZH9QxKc3MbVM,2f0b5460e6ad4c9a9203f605c3ca0ad5,2025-10-15T15:59:15Z,2,,75cf5c3af0d5406e9282586bb5fef633
spotify:track:2BPuGATHtSHLud79E6tOQm,7c67a5a1dc45447dbe8663e3d0569caa,2025-10-18T20:30:43Z,1,,b8252c9a3cf94d16bea09a8b49d39841
spotify:track:2RlgNHKcydI9sayD2Df2xp,7c67a5a1dc45447dbe8663e3d0569caa,2025-10-18T20:30:43Z,2,,b8252c9a3cf94d16bea09a8b49d39841
spotify:track:3JLrri1xSCui3bzITDJbkk,7c67a5a1dc45447dbe8663e3d0569caa,2025-10-18T20:30:43Z,1,,b8252c9a3cf94d16bea09a8b49d39841
spotify:track:6dGnYIeXmHdcikdzNNDMm2,7c67a5a1dc45447dbe8663e3d0569caa,2025-10-18T20:30:43Z,2,,b8252c9a3cf94d16bea09a8b49d39841
spotify:track:73CMRj62VK8nUS4ezD2wvi,7c67a5a1dc45447dbe8663e3d0569caa,2025-10-18T20:30:43Z,5,,b8252c9a3cf94d16bea09a8b49d39841
spotify:track:2BPuGATHtSHLud79E6tOQm,dcc28e0cb1484913a81b2043ee1b3fb9,2025-10-18T20:56:52Z,2,,b8252c9a3cf94d16bea09a8b49d39841
spotify:track:2mQ7hi5Bi5QI19Ns41RWRQ,dcc28e0cb1484913a81b2043ee1b3fb9,2025-10-18T20:56:52Z,2,,b8252c9a3cf94d16bea09a8b49d39841
spotify:track:2RlgNHKcydI9sayD2Df2xp,dcc28e0cb1484913a81b2043ee1b3fb9,2025-10-18T20:56:52Z,2,,b8252c9a3cf94d16bea09a8b49d39841
spotify:track:3JLrri1xSCui3bzITDJbkk,dcc28e0cb1484913a81b2043ee1b3fb9,2025-10-18T20:56:52Z,1,,b8252c9a3cf94d16bea09a8b49d39841
spotify:track:4agp6oHofabdUedr0B1krj,dcc28e0cb1484913a81b2043ee1b3fb9,2025-10-18T20:56:52Z,2,,b8252c9a3cf94d16bea09a8b49d39841
spotify:track:6dGnYIeXmHdcikdzNNDMm2,dcc28e0cb1484913a81b2043ee1b3fb9,2025-10-18T20:56:52Z,2,I wanted this song...got there too late,b8252c9a3cf94d16bea09a8b49d39841
spotify:track:2BPuGATHtSHLud79E6tOQm,2f0b5460e6ad4c9a9203f605c3ca0ad5,2025-10-20T09:30:21Z,1,,b8252c9a3cf94d16bea09a8b49d39841
spotify:track:2RlgNHKcydI9sayD2Df2xp,2f0b5460e6ad4c9a9203f605c3ca0ad5,2025-10-20T09:30:21Z,5,,b8252c9a3cf94d16bea09a8b49d39841
spotify:track:3JLrri1xSCui3bzITDJbkk,2f0b5460e6ad4c9a9203f605c3ca0ad5,2025-10-20T09:30:21Z,2,,b8252c9a3cf94d16bea09a8b49d39841
spotify:track:6dGnYIeXmHdcikdzNNDMm2,2f0b5460e6ad4c9a9203f605c3ca0ad5,2025-10-20T09:30:21Z,2,,b8252c9a3cf94d16bea09a8b49d39841
spotify:track:73CMRj62VK8nUS4ezD2wvi,2f0b5460e6ad4c9a9203f605c3ca0ad5,2025-10-20T09:30:21Z,1,,b8252c9a3cf94d16bea09a8b49d39841
spotify:track:2BPuGATHtSHLud79E6tOQm,2c50a279a7434625875744cd926951b5,2025-10-20T09:36:46Z,0,"There are legitimately too many Rolling Stones songs. They've surpassed their quota. How have I never heard this song when I've heard at least 10,000 Rolling Stones songs?",b8252c9a3cf94d16bea09a8b49d39841
spotify:track:2mQ7hi5Bi5QI19Ns41RWRQ,2c50a279a7434625875744cd926951b5,2025-10-20T09:36:46Z,0,How do you know? ,b8252c9a3cf94d16bea09a8b49d39841
spotify:track:3JLrri1xSCui3bzITDJbkk,2c50a279a7434625875744cd926951b5,2025-10-20T09:36:46Z,2,"Not one of my preferred Zeppelin records, but still good. ",b8252c9a3cf94d16bea09a8b49d39841
spotify:track:4agp6oHofabdUedr0B1krj,2c50a279a7434625875744cd926951b5,2025-10-20T09:36:46Z,4,An ultimate one hit wonder,b8252c9a3cf94d16bea09a8b49d39841
spotify:track:6dGnYIeXmHdcikdzNNDMm2,2c50a279a7434625875744cd926951b5,2025-10-20T09:36:46Z,4,Them's fighting words. (I'm assuming.),b8252c9a3cf94d16bea09a8b49d39841
spotify:track:73CMRj62VK8nUS4ezD2wvi,2c50a279a7434625875744cd926951b5,2025-10-20T09:36:46Z,1,,b8252c9a3cf94d16bea09a8b49d39841
spotify:track:2BPuGATHtSHLud79E6tOQm,b3dfab17cc1e4751b56296dd32ed7b12,2025-10-20T16:20:54Z,1,,b8252c9a3cf94d16bea09a8b49d39841
spotify:track:2RlgNHKcydI9sayD2Df2xp,b3dfab17cc1e4751b56296dd32ed7b12,2025-10-20T16:20:54Z,3,,b8252c9a3cf94d16bea09a8b49d39841
spotify:track:3JLrri1xSCui3bzITDJbkk,b3dfab17cc1e4751b56296dd32ed7b12,2025-10-20T16:20:54Z,1,,b8252c9a3cf94d16bea09a8b49d39841
spotify:track:4agp6oHofabdUedr0B1krj,b3dfab17cc1e4751b56296dd32ed7b12,2025-10-20T16:20:54Z,2,,b8252c9a3cf94d16bea09a8b49d39841
spotify:track:73CMRj62VK8nUS4ezD2wvi,b3dfab17cc1e4751b56296dd32ed7b12,2025-10-20T16:20:54Z,4,,b8252c9a3cf94d16bea09a8b49d39841
spotify:track:2mQ7hi5Bi5QI19Ns41RWRQ,e999240901ce4d76955dcfe00bf2f022,2025-10-21T05:35:19Z,1,,b8252c9a3cf94d16bea09a8b49d39841
spotify:track:2RlgNHKcydI9sayD2Df2xp,e999240901ce4d76955dcfe00bf2f022,2025-10-21T05:35:19Z,1,,b8252c9a3cf94d16bea09a8b49d39841
spotify:track:3JLrri1xSCui3bzITDJbkk,e999240901ce4d76955dcfe00bf2f022,2025-10-21T05:35:19Z,1,,b8252c9a3cf94d16bea09a8b49d39841
spotify:track:4agp6oHofabdUedr0B1krj,e999240901ce4d76955dcfe00bf2f022,2025-10-21T05:35:19Z,2,,b8252c9a3cf94d16bea09a8b49d39841
spotify:track:6dGnYIeXmHdcikdzNNDMm2,e999240901ce4d76955dcfe00bf2f022,2025-10-21T05:35:19Z,3,,b8252c9a3cf94d16bea09a8b49d39841
spotify:track:73CMRj62VK8nUS4ezD2wvi,e999240901ce4d76955dcfe00bf2f022,2025-10-21T05:35:19Z,3,,b8252c9a3cf94d16bea09a8b49d39841
spotify:track:2BPuGATHtSHLud79E6tOQm,576dfe5c1d6d4348bb1010d3c16ffd6e,2025-10-22T02:26:49Z,2,,b8252c9a3cf94d16bea09a8b49d39841
spotify:track:2mQ7hi5Bi5QI19Ns41RWRQ,576dfe5c1d6d4348bb1010d3c16ffd6e,2025-10-22T02:26:49Z,2,,b8252c9a3cf94d16bea09a8b49d39841
spotify:track:2RlgNHKcydI9sayD2Df2xp,576dfe5c1d6d4348bb1010d3c16ffd6e,2025-10-22T02:26:49Z,3,,b8252c9a3cf94d16bea09a8b49d39841
spotify:track:4agp6oHofabdUedr0B1krj,576dfe5c1d6d4348bb1010d3c16ffd6e,2025-10-22T02:26:49Z,1,,b8252c9a3cf94d16bea09a8b49d39841
spotify:track:6dGnYIeXmHdcikdzNNDMm2,576dfe5c1d6d4348bb1010d3c16ffd6e,2025-10-22T02:26:49Z,3,,b8252c9a3cf94d16bea09a8b49d39841
spotify:track:1k2pQc5i348DCHwbn5KTdc,7c67a5a1dc45447dbe8663e3d0569caa,2025-10-25T20:19:45Z,2,,5e3fa6318c3648cd8b098f4cfb43f94b
spotify:track:2mNmKVBJ1U1nuPFJ5VGjCl,7c67a5a1dc45447dbe8663e3d0569caa,2025-10-25T20:19:45Z,3,Better with a Bob Dylan overlay,5e3fa6318c3648cd8b098f4cfb43f94b
spotify:track:3QQvSQKV8YmQxGolwwWe59,7c67a5a1dc45447dbe8663e3d0569caa,2025-10-25T20:19:45Z,1,,5e3fa6318c3648cd8b098f4cfb43f94b
spotify:track:4cxvludVmQxryrnx1m9FqL,7c67a5a1dc45447dbe8663e3d0569caa,2025-10-25T20:19:45Z,2,,5e3fa6318c3648cd8b098f4cfb43f94b
spotify:track:5LYMamLv12UPbemOaTPyeV,7c67a5a1dc45447dbe8663e3d0569caa,2025-10-25T20:19:45Z,1,Only dancin part of the time,5e3fa6318c3648cd8b098f4cfb43f94b
spotify:track:7Bz8yww6UMbTgTVLG6zbI4,7c67a5a1dc45447dbe8663e3d0569caa,2025-10-25T20:19:45Z,2,,5e3fa6318c3648cd8b098f4cfb43f94b
spotify:track:2mNmKVBJ1U1nuPFJ5VGjCl,dcc28e0cb1484913a81b2043ee1b3fb9,2025-10-26T01:06:41Z,2,,5e3fa6318c3648cd8b098f4cfb43f94b
spotify:track:3QQvSQKV8YmQxGolwwWe59,dcc28e0cb1484913a81b2043ee1b3fb9,2025-10-26T01:06:41Z,1,,5e3fa6318c3648cd8b098f4cfb43f94b
spotify:track:4cxvludVmQxryrnx1m9FqL,dcc28e0cb1484913a81b2043ee1b3fb9,2025-10-26T01:06:41Z,3,,5e3fa6318c3648cd8b098f4cfb43f94b
spotify:track:5LYMamLv12UPbemOaTPyeV,dcc28e0cb1484913a81b2043ee1b3fb9,2025-10-26T01:06:41Z,1,,5e3fa6318c3648cd8b098f4cfb43f94b
spotify:track:7Bz8yww6UMbTgTVLG6zbI4,dcc28e0cb1484913a81b2043ee1b3fb9,2025-10-26T01:06:41Z,1,,5e3fa6318c3648cd8b098f4cfb43f94b
spotify:track:7ixCRBD0FZMRBeOBhTu2KD,dcc28e0cb1484913a81b2043ee1b3fb9,2025-10-26T01:06:41Z,3,,5e3fa6318c3648cd8b098f4cfb43f94b
spotify:track:1k2pQc5i348DCHwbn5KTdc,e999240901ce4d76955dcfe00bf2f022,2025-10-26T17:07:22Z,3,🙌🌈,5e3fa6318c3648cd8b098f4cfb43f94b
spotify:track:2mNmKVBJ1U1nuPFJ5VGjCl,e999240901ce4d76955dcfe00bf2f022,2025-10-26T17:07:22Z,4,Ok never heard this and I'm obsessed. ,5e3fa6318c3648cd8b098f4cfb43f94b
spotify:track:3QQvSQKV8YmQxGolwwWe59,e999240901ce4d76955dcfe00bf2f022,2025-10-26T17:07:22Z,2,Love,5e3fa6318c3648cd8b098f4cfb43f94b
spotify:track:5LYMamLv12UPbemOaTPyeV,e999240901ce4d76955dcfe00bf2f022,2025-10-26T17:07:22Z,0,Anything with sushi in the title...,5e3fa6318c3648cd8b098f4cfb43f94b
spotify:track:7ixCRBD0FZMRBeOBhTu2KD,e999240901ce4d76955dcfe00bf2f022,2025-10-26T17:07:22Z,2,Very cool ,5e3fa6318c3648cd8b098f4cfb43f94b
spotify:track:1k2pQc5i348DCHwbn5KTdc,b3dfab17cc1e4751b56296dd32ed7b12,2025-10-27T15:36:38Z,3,LOVE this song,5e3fa6318c3648cd8b098f4cfb43f94b
spotify:track:2mNmKVBJ1U1nuPFJ5VGjCl,b3dfab17cc1e4751b56296dd32ed7b12,2025-10-27T15:36:38Z,2,This was cool. Added it to faves.,5e3fa6318c3648cd8b098f4cfb43f94b
spotify:track:4cxvludVmQxryrnx1m9FqL,b3dfab17cc1e4751b56296dd32ed7b12,2025-10-27T15:36:38Z,1,,5e3fa6318c3648cd8b098f4cfb43f94b
spotify:track:5LYMamLv12UPbemOaTPyeV,b3dfab17cc1e4751b56296dd32ed7b12,2025-10-27T15:36:38Z,2,,5e3fa6318c3648cd8b098f4cfb43f94b
spotify:track:7Bz8yww6UMbTgTVLG6zbI4,b3dfab17cc1e4751b56296dd32ed7b12,2025-10-27T15:36:38Z,1,,5e3fa6318c3648cd8b098f4cfb43f94b
spotify:track:7ixCRBD0FZMRBeOBhTu2KD,b3dfab17cc1e4751b56296dd32ed7b12,2025-10-27T15:36:38Z,2,,5e3fa6318c3648cd8b098f4cfb43f94b
spotify:track:1k2pQc5i348DCHwbn5KTdc,576dfe5c1d6d4348bb1010d3c16ffd6e,2025-10-27T21:01:23Z,3,,5e3fa6318c3648cd8b098f4cfb43f94b
spotify:track:2mNmKVBJ1U1nuPFJ5VGjCl,576dfe5c1d6d4348bb1010d3c16ffd6e,2025-10-27T21:01:23Z,1,,5e3fa6318c3648cd8b098f4cfb43f94b
spotify:track:3QQvSQKV8YmQxGolwwWe59,576dfe5c1d6d4348bb1010d3c16ffd6e,2025-10-27T21:01:23Z,1,,5e3fa6318c3648cd8b098f4cfb43f94b
spotify:track:4cxvludVmQxryrnx1m9FqL,576dfe5c1d6d4348bb1010d3c16ffd6e,2025-10-27T21:01:23Z,2,,5e3fa6318c3648cd8b098f4cfb43f94b
spotify:track:5LYMamLv12UPbemOaTPyeV,576dfe5c1d6d4348bb1010d3c16ffd6e,2025-10-27T21:01:23Z,2,,5e3fa6318c3648cd8b098f4cfb43f94b
spotify:track:7ixCRBD0FZMRBeOBhTu2KD,576dfe5c1d6d4348bb1010d3c16ffd6e,2025-10-27T21:01:23Z,2,,5e3fa6318c3648cd8b098f4cfb43f94b
spotify:track:1k2pQc5i348DCHwbn5KTdc,2c50a279a7434625875744cd926951b5,2025-10-28T06:19:34Z,1,,5e3fa6318c3648cd8b098f4cfb43f94b
spotify:track:3QQvSQKV8YmQxGolwwWe59,2c50a279a7434625875744cd926951b5,2025-10-28T06:19:34Z,3,,5e3fa6318c3648cd8b098f4cfb43f94b
spotify:track:4cxvludVmQxryrnx1m9FqL,2c50a279a7434625875744cd926951b5,2025-10-28T06:19:34Z,0,Me neither. And I was right. ,5e3fa6318c3648cd8b098f4cfb43f94b
spotify:track:5LYMamLv12UPbemOaTPyeV,2c50a279a7434625875744cd926951b5,2025-10-28T06:19:34Z,4,,5e3fa6318c3648cd8b098f4cfb43f94b
spotify:track:7Bz8yww6UMbTgTVLG6zbI4,2c50a279a7434625875744cd926951b5,2025-10-28T06:19:34Z,1,I will always associate this with Dazed and Confused. ,5e3fa6318c3648cd8b098f4cfb43f94b
spotify:track:7ixCRBD0FZMRBeOBhTu2KD,2c50a279a7434625875744cd926951b5,2025-10-28T06:19:34Z,2,Love me some French bops ,5e3fa6318c3648cd8b098f4cfb43f94b
spotify:track:2mNmKVBJ1U1nuPFJ5VGjCl,2f0b5460e6ad4c9a9203f605c3ca0ad5,2025-10-28T15:43:15Z,4,,5e3fa6318c3648cd8b098f4cfb43f94b
spotify:track:3QQvSQKV8YmQxGolwwWe59,2f0b5460e6ad4c9a9203f605c3ca0ad5,2025-10-28T15:43:15Z,5,,5e3fa6318c3648cd8b098f4cfb43f94b
spotify:track:4cxvludVmQxryrnx1m9FqL,2f0b5460e6ad4c9a9203f605c3ca0ad5,2025-10-28T15:43:15Z,2,,5e3fa6318c3648cd8b098f4cfb43f94b
spotify:track:46MX86XQqYCZRvwPpeq4Gi,7c67a5a1dc45447dbe8663e3d0569caa,2025-10-31T20:16:21Z,1,one upvote for the subject matter,6c4e073d7a7843829ccc40c4da6103f6
spotify:track:5zGGeOITimuBNNpRfarEeG,7c67a5a1dc45447dbe8663e3d0569caa,2025-10-31T20:16:21Z,3,i like her voice. will look up these other songs.,6c4e073d7a7843829ccc40c4da6103f6
spotify:track:7KFKekUmBedCbqUYjrhHyr,7c67a5a1dc45447dbe8663e3d0569caa,2025-10-31T20:16:21Z,2,"i knew this was matt just based on the band, but the title sealed the deal",6c4e073d7a7843829ccc40c4da6103f6
spotify:track:0LTSNmOLBt25GMjHlxp9OR,7c67a5a1dc45447dbe8663e3d0569caa,2025-10-31T20:16:21Z,1,,6c4e073d7a7843829ccc40c4da6103f6
spotify:track:0RZLmpEzGR2NHite6rvS5H,7c67a5a1dc45447dbe8663e3d0569caa,2025-10-31T20:16:21Z,0,"I am a big fan of Space Ghost Coast to Coast so was excited for this title, but the song didn't do it for me :(",6c4e073d7a7843829ccc40c4da6103f6
spotify:track:3BeaiIXko9QV8689eWB6yd,7c67a5a1dc45447dbe8663e3d0569caa,2025-10-31T20:16:21Z,4,i liked this one quite a bit,6c4e073d7a7843829ccc40c4da6103f6
spotify:track:3RXozqS8icK2YGcIggW7KM,7c67a5a1dc45447dbe8663e3d0569caa,2025-10-31T20:16:21Z,2,"i wasn't the biggest fan of HAIM's early stuff so never really listened to them after like 2013-2014, but this is now the second musicleague HAIM song that i've liked, so it might be time to reconsider.",6c4e073d7a7843829ccc40c4da6103f6
spotify:track:40riOy7x9W7GXjyGp4pjAv,7c67a5a1dc45447dbe8663e3d0569caa,2025-10-31T20:16:21Z,1,,6c4e073d7a7843829ccc40c4da6103f6
spotify:track:40riOy7x9W7GXjyGp4pjAv,b3dfab17cc1e4751b56296dd32ed7b12,2025-11-03T16:38:16Z,1,,6c4e073d7a7843829ccc40c4da6103f6
spotify:track:7KFKekUmBedCbqUYjrhHyr,b3dfab17cc1e4751b56296dd32ed7b12,2025-11-03T16:38:16Z,1,"okay, you get a vote for the lyrics",6c4e073d7a7843829ccc40c4da6103f6
spotify:track:5zGGeOITimuBNNpRfarEeG,b3dfab17cc1e4751b56296dd32ed7b12,2025-11-03T16:38:16Z,3,,6c4e073d7a7843829ccc40c4da6103f6
spotify:track:0LTSNmOLBt25GMjHlxp9OR,b3dfab17cc1e4751b56296dd32ed7b12,2025-11-03T16:38:16Z,1,,6c4e073d7a7843829ccc40c4da6103f6
spotify:track:0RZLmpEzGR2NHite6rvS5H,b3dfab17cc1e4751b56296dd32ed7b12,2025-11-03T16:38:16Z,2,,6c4e073d7a7843829ccc40c4da6103f6
spotify:track:1zlclNkERGFrCxznXOgkD3,b3dfab17cc1e4751b56296dd32ed7b12,2025-11-03T16:38:16Z,3,,6c4e073d7a7843829ccc40c4da6103f6
spotify:track:3BeaiIXko9QV8689eWB6yd,b3dfab17cc1e4751b56296dd32ed7b12,2025-11-03T16:38:16Z,2,,6c4e073d7a7843829ccc40c4da6103f6
spotify:track:46MX86XQqYCZRvwPpeq4Gi,b3dfab17cc1e4751b56296dd32ed7b12,2025-11-03T16:38:16Z,1,,6c4e073d7a7843829ccc40c4da6103f6
spotify:track:0LTSNmOLBt25GMjHlxp9OR,dcc28e0cb1484913a81b2043ee1b3fb9,2025-11-03T22:05:39Z,2,,6c4e073d7a7843829ccc40c4da6103f6
spotify:track:0RZLmpEzGR2NHite6rvS5H,dcc28e0cb1484913a81b2043ee1b3fb9,2025-11-03T22:05:39Z,1,,6c4e073d7a7843829ccc40c4da6103f6
spotify:track:1zlclNkERGFrCxznXOgkD3,dcc28e0cb1484913a81b2043ee1b3fb9,2025-11-03T22:05:39Z,2,,6c4e073d7a7843829ccc40c4da6103f6
spotify:track:3BeaiIXko9QV8689eWB6yd,dcc28e0cb1484913a81b2043ee1b3fb9,2025-11-03T22:05:39Z,2,,6c4e073d7a7843829ccc40c4da6103f6
spotify:track:3RXozqS8icK2YGcIggW7KM,dcc28e0cb1484913a81b2043ee1b3fb9,2025-11-03T22:05:39Z,2,,6c4e073d7a7843829ccc40c4da6103f6
spotify:track:46MX86XQqYCZRvwPpeq4Gi,dcc28e0cb1484913a81b2043ee1b3fb9,2025-11-03T22:05:39Z,2,,6c4e073d7a7843829ccc40c4da6103f6
spotify:track:5zGGeOITimuBNNpRfarEeG,dcc28e0cb1484913a81b2043ee1b3fb9,2025-11-03T22:05:39Z,2,,6c4e073d7a7843829ccc40c4da6103f6
spotify:track:7KFKekUmBedCbqUYjrhHyr,dcc28e0cb1484913a81b2043ee1b3fb9,2025-11-03T22:05:39Z,1,,6c4e073d7a7843829ccc40c4da6103f6
spotify:track:3RXozqS8icK2YGcIggW7KM,041d2dd0b7c346b3bcdc78eb2ebd17e6,2025-11-04T17:15:15Z,6,,6c4e073d7a7843829ccc40c4da6103f6
spotify:track:46MX86XQqYCZRvwPpeq4Gi,041d2dd0b7c346b3bcdc78eb2ebd17e6,2025-11-04T17:15:15Z,2,,6c4e073d7a7843829ccc40c4da6103f6
spotify:track:7KFKekUmBedCbqUYjrhHyr,041d2dd0b7c346b3bcdc78eb2ebd17e6,2025-11-04T17:15:15Z,2,,6c4e073d7a7843829ccc40c4da6103f6
spotify:track:0LTSNmOLBt25GMjHlxp9OR,041d2dd0b7c346b3bcdc78eb2ebd17e6,2025-11-04T17:15:15Z,4,,6c4e073d7a7843829ccc40c4da6103f6
spotify:track:0RZLmpEzGR2NHite6rvS5H,e999240901ce4d76955dcfe00bf2f022,2025-11-04T17:31:49Z,3,Fuuun,6c4e073d7a7843829ccc40c4da6103f6
spotify:track:1zlclNkERGFrCxznXOgkD3,e999240901ce4d76955dcfe00bf2f022,2025-11-04T17:31:49Z,1,I like his voice. Just not totally my style,6c4e073d7a7843829ccc40c4da6103f6
spotify:track:3BeaiIXko9QV8689eWB6yd,e999240901ce4d76955dcfe00bf2f022,2025-11-04T17:31:49Z,4,Reaaally love this ,6c4e073d7a7843829ccc40c4da6103f6
spotify:track:40riOy7x9W7GXjyGp4pjAv,e999240901ce4d76955dcfe00bf2f022,2025-11-04T17:31:49Z,1,such a classic!!,6c4e073d7a7843829ccc40c4da6103f6
spotify:track:3RXozqS8icK2YGcIggW7KM,e999240901ce4d76955dcfe00bf2f022,2025-11-04T17:31:49Z,2,love ,6c4e073d7a7843829ccc40c4da6103f6
spotify:track:46MX86XQqYCZRvwPpeq4Gi,e999240901ce4d76955dcfe00bf2f022,2025-11-04T17:31:49Z,1,,6c4e073d7a7843829ccc40c4da6103f6
spotify:track:7KFKekUmBedCbqUYjrhHyr,e999240901ce4d76955dcfe00bf2f022,2025-11-04T17:31:49Z,1,Not my vibe and i never listen to lyrics (ask Bri) sorrrry,6c4e073d7a7843829ccc40c4da6103f6
spotify:track:0LTSNmOLBt25GMjHlxp9OR,e999240901ce4d76955dcfe00bf2f022,2025-11-04T17:31:49Z,1,,6c4e073d7a7843829ccc40c4da6103f6
spotify:track:0RZLmpEzGR2NHite6rvS5H,c9cfa17b4e1443fba81ab98f5b33cf2c,2025-11-04T20:34:07Z,1,,6c4e073d7a7843829ccc40c4da6103f6
spotify:track:3BeaiIXko9QV8689eWB6yd,c9cfa17b4e1443fba81ab98f5b33cf2c,2025-11-04T20:34:07Z,3,,6c4e073d7a7843829ccc40c4da6103f6
spotify:track:3RXozqS8icK2YGcIggW7KM,c9cfa17b4e1443fba81ab98f5b33cf2c,2025-11-04T20:34:07Z,1,,6c4e073d7a7843829ccc40c4da6103f6
spotify:track:0LTSNmOLBt25GMjHlxp9OR,c9cfa17b4e1443fba81ab98f5b33cf2c,2025-11-04T20:34:07Z,3,,6c4e073d7a7843829ccc40c4da6103f6
spotify:track:1zlclNkERGFrCxznXOgkD3,c9cfa17b4e1443fba81ab98f5b33cf2c,2025-11-04T20:34:07Z,6,,6c4e073d7a7843829ccc40c4da6103f6
spotify:track:3BeaiIXko9QV8689eWB6yd,2c50a279a7434625875744cd926951b5,2025-11-05T00:17:31Z,2,,6c4e073d7a7843829ccc40c4da6103f6
spotify:track:5zGGeOITimuBNNpRfarEeG,2c50a279a7434625875744cd926951b5,2025-11-05T00:17:31Z,1,Pretty voice,6c4e073d7a7843829ccc40c4da6103f6
spotify:track:7KFKekUmBedCbqUYjrhHyr,2c50a279a7434625875744cd926951b5,2025-11-05T00:17:31Z,4,I should have submitted this bc it mentions TWO places I've lived. That's actually quite unfortunate. ,6c4e073d7a7843829ccc40c4da6103f6
spotify:track:0LTSNmOLBt25GMjHlxp9OR,2c50a279a7434625875744cd926951b5,2025-11-05T00:17:31Z,2,Classic. Nice work Jerzyk. ,6c4e073d7a7843829ccc40c4da6103f6
spotify:track:1zlclNkERGFrCxznXOgkD3,2c50a279a7434625875744cd926951b5,2025-11-05T00:17:31Z,4,I almost submitted this for this round! ,6c4e073d7a7843829ccc40c4da6103f6
spotify:track:40riOy7x9W7GXjyGp4pjAv,2c50a279a7434625875744cd926951b5,2025-11-05T00:17:31Z,1,I wish this song were 25% as long ,6c4e073d7a7843829ccc40c4da6103f6
spotify:track:0RZLmpEzGR2NHite6rvS5H,2f0b5460e6ad4c9a9203f605c3ca0ad5,2025-11-05T18:41:29Z,6,,6c4e073d7a7843829ccc40c4da6103f6
spotify:track:0LTSNmOLBt25GMjHlxp9OR,2f0b5460e6ad4c9a9203f605c3ca0ad5,2025-11-05T18:41:29Z,5,,6c4e073d7a7843829ccc40c4da6103f6
spotify:track:3BeaiIXko9QV8689eWB6yd,2f0b5460e6ad4c9a9203f605c3ca0ad5,2025-11-05T18:41:29Z,3,,6c4e073d7a7843829ccc40c4da6103f6
spotify:track:003vvx7Niy0yvhvHt4a68B,576dfe5c1d6d4348bb1010d3c16ffd6e,2025-11-09T20:01:48Z,2,,68b3dad8d09947ba9b461ef4cb723e0e
spotify:track:0whmIaItqkT8e5PVuPyhvT,576dfe5c1d6d4348bb1010d3c16ffd6e,2025-11-09T20:01:48Z,1,,68b3dad8d09947ba9b461ef4cb723e0e
spotify:track:1GQv9r0tn00ZfHTw92jAcW,576dfe5c1d6d4348bb1010d3c16ffd6e,2025-11-09T20:01:48Z,1,,68b3dad8d09947ba9b461ef4cb723e0e
spotify:track:35nOLWeyoXbZvhcczCzQit,576dfe5c1d6d4348bb1010d3c16ffd6e,2025-11-09T20:01:48Z,2,,68b3dad8d09947ba9b461ef4cb723e0e
spotify:track:4kbj5MwxO1bq9wjT5g9HaA,576dfe5c1d6d4348bb1010d3c16ffd6e,2025-11-09T20:01:48Z,1,,68b3dad8d09947ba9b461ef4cb723e0e
spotify:track:6KFQdIB3njXBQNcg1xUh9U,576dfe5c1d6d4348bb1010d3c16ffd6e,2025-11-09T20:01:48Z,1,,68b3dad8d09947ba9b461ef4cb723e0e
spotify:track:6LbbHFEajG9e4m0G3L47c4,576dfe5c1d6d4348bb1010d3c16ffd6e,2025-11-09T20:01:48Z,4,,68b3dad8d09947ba9b461ef4cb723e0e
spotify:track:7aBxcRw77817BrkdPChAGY,576dfe5c1d6d4348bb1010d3c16ffd6e,2025-11-09T20:01:48Z,2,,68b3dad8d09947ba9b461ef4cb723e0e
spotify:track:003vvx7Niy0yvhvHt4a68B,7c67a5a1dc45447dbe8663e3d0569caa,2025-11-09T21:23:10Z,2,,68b3dad8d09947ba9b461ef4cb723e0e
spotify:track:0whmIaItqkT8e5PVuPyhvT,7c67a5a1dc45447dbe8663e3d0569caa,2025-11-09T21:23:10Z,1,,68b3dad8d09947ba9b461ef4cb723e0e
spotify:track:35nOLWeyoXbZvhcczCzQit,7c67a5a1dc45447dbe8663e3d0569caa,2025-11-09T21:23:10Z,1,,68b3dad8d09947ba9b461ef4cb723e0e
spotify:track:4kbj5MwxO1bq9wjT5g9HaA,7c67a5a1dc45447dbe8663e3d0569caa,2025-11-09T21:23:10Z,3,,68b3dad8d09947ba9b461ef4cb723e0e
spotify:track:6KFQdIB3njXBQNcg1xUh9U,7c67a5a1dc45447dbe8663e3d0569caa,2025-11-09T21:23:10Z,3,,68b3dad8d09947ba9b461ef4cb723e0e
spotify:track:6LbbHFEajG9e4m0G3L47c4,7c67a5a1dc45447dbe8663e3d0569caa,2025-11-09T21:23:10Z,2,,68b3dad8d09947ba9b461ef4cb723e0e
spotify:track:7aBxcRw77817BrkdPChAGY,7c67a5a1dc45447dbe8663e3d0569caa,2025-11-09T21:23:10Z,1,,68b3dad8d09947ba9b461ef4cb723e0e
spotify:track:7iXYRR70wewzVYzWScm99j,7c67a5a1dc45447dbe8663e3d0569caa,2025-11-09T21:23:10Z,1,,68b3dad8d09947ba9b461ef4cb723e0e
spotify:track:003vvx7Niy0yvhvHt4a68B,dcc28e0cb1484913a81b2043ee1b3fb9,2025-11-09T22:22:01Z,4,Love this song really works with the theme for me,68b3dad8d09947ba9b461ef4cb723e0e
spotify:track:0whmIaItqkT8e5PVuPyhvT,dcc28e0cb1484913a81b2043ee1b3fb9,2025-11-09T22:22:01Z,1,,68b3dad8d09947ba9b461ef4cb723e0e
spotify:track:1GQv9r0tn00ZfHTw92jAcW,dcc28e0cb1484913a81b2043ee1b3fb9,2025-11-09T22:22:01Z,2,,68b3dad8d09947ba9b461ef4cb723e0e
spotify:track:35nOLWeyoXbZvhcczCzQit,dcc28e0cb1484913a81b2043ee1b3fb9,2025-11-09T22:22:01Z,1,,68b3dad8d09947ba9b461ef4cb723e0e
spotify:track:6KFQdIB3njXBQNcg1xUh9U,dcc28e0cb1484913a81b2043ee1b3fb9,2025-11-09T22:22:01Z,1,,68b3dad8d09947ba9b461ef4cb723e0e
spotify:track:6LbbHFEajG9e4m0G3L47c4,dcc28e0cb1484913a81b2043ee1b3fb9,2025-11-09T22:22:01Z,1,I have ptsd from this song...saw Jesus Christ Superstar so many times I can't take it anymore...,68b3dad8d09947ba9b461ef4cb723e0e
spotify:track:7aBxcRw77817BrkdPChAGY,dcc28e0cb1484913a81b2043ee1b3fb9,2025-11-09T22:22:01Z,1,,68b3dad8d09947ba9b461ef4cb723e0e
spotify:track:7iXYRR70wewzVYzWScm99j,dcc28e0cb1484913a81b2043ee1b3fb9,2025-11-09T22:22:01Z,3,,68b3dad8d09947ba9b461ef4cb723e0e
spotify:track:003vvx7Niy0yvhvHt4a68B,b3dfab17cc1e4751b56296dd32ed7b12,2025-11-10T16:47:56Z,4,,68b3dad8d09947ba9b461ef4cb723e0e
spotify:track:1GQv9r0tn00ZfHTw92jAcW,b3dfab17cc1e4751b56296dd32ed7b12,2025-11-10T16:47:56Z,2,,68b3dad8d09947ba9b461ef4cb723e0e
spotify:track:35nOLWeyoXbZvhcczCzQit,b3dfab17cc1e4751b56296dd32ed7b12,2025-11-10T16:47:56Z,1,,68b3dad8d09947ba9b461ef4cb723e0e
spotify:track:4kbj5MwxO1bq9wjT5g9HaA,b3dfab17cc1e4751b56296dd32ed7b12,2025-11-10T16:47:56Z,2,,68b3dad8d09947ba9b461ef4cb723e0e
spotify:track:6KFQdIB3njXBQNcg1xUh9U,b3dfab17cc1e4751b56296dd32ed7b12,2025-11-10T16:47:56Z,3,,68b3dad8d09947ba9b461ef4cb723e0e
spotify:track:6LbbHFEajG9e4m0G3L47c4,b3dfab17cc1e4751b56296dd32ed7b12,2025-11-10T16:47:56Z,2,,68b3dad8d09947ba9b461ef4cb723e0e
spotify:track:003vvx7Niy0yvhvHt4a68B,041d2dd0b7c346b3bcdc78eb2ebd17e6,2025-11-10T18:18:39Z,3,,68b3dad8d09947ba9b461ef4cb723e0e
spotify:track:35nOLWeyoXbZvhcczCzQit,041d2dd0b7c346b3bcdc78eb2ebd17e6,2025-11-10T18:18:39Z,4,I liked this one!,68b3dad8d09947ba9b461ef4cb723e0e
spotify:track:4kbj5MwxO1bq9wjT5g9HaA,041d2dd0b7c346b3bcdc78eb2ebd17e6,2025-11-10T18:18:39Z,1,Feels a little bit like I'm at a wedding but still good.,68b3dad8d09947ba9b461ef4cb723e0e
spotify:track:6LbbHFEajG9e4m0G3L47c4,041d2dd0b7c346b3bcdc78eb2ebd17e6,2025-11-10T18:18:39Z,1,,68b3dad8d09947ba9b461ef4cb723e0e
spotify:track:7aBxcRw77817BrkdPChAGY,041d2dd0b7c346b3bcdc78eb2ebd17e6,2025-11-10T18:18:39Z,5,Classic!,68b3dad8d09947ba9b461ef4cb723e0e
spotify:track:0whmIaItqkT8e5PVuPyhvT,c9cfa17b4e1443fba81ab98f5b33cf2c,2025-11-11T02:44:20Z,1,,68b3dad8d09947ba9b461ef4cb723e0e
spotify:track:1GQv9r0tn00ZfHTw92jAcW,c9cfa17b4e1443fba81ab98f5b33cf2c,2025-11-11T02:44:20Z,1,,68b3dad8d09947ba9b461ef4cb723e0e
spotify:track:4kbj5MwxO1bq9wjT5g9HaA,c9cfa17b4e1443fba81ab98f5b33cf2c,2025-11-11T02:44:20Z,1,,68b3dad8d09947ba9b461ef4cb723e0e
spotify:track:6KFQdIB3njXBQNcg1xUh9U,c9cfa17b4e1443fba81ab98f5b33cf2c,2025-11-11T02:44:20Z,2,,68b3dad8d09947ba9b461ef4cb723e0e
spotify:track:6LbbHFEajG9e4m0G3L47c4,c9cfa17b4e1443fba81ab98f5b33cf2c,2025-11-11T02:44:20Z,1,,68b3dad8d09947ba9b461ef4cb723e0e
spotify:track:7aBxcRw77817BrkdPChAGY,c9cfa17b4e1443fba81ab98f5b33cf2c,2025-11-11T02:44:20Z,6,,68b3dad8d09947ba9b461ef4cb723e0e
spotify:track:7iXYRR70wewzVYzWScm99j,c9cfa17b4e1443fba81ab98f5b33cf2c,2025-11-11T02:44:20Z,2,,68b3dad8d09947ba9b461ef4cb723e0e
spotify:track:003vvx7Niy0yvhvHt4a68B,e999240901ce4d76955dcfe00bf2f022,2025-11-12T02:01:18Z,1,,68b3dad8d09947ba9b461ef4cb723e0e
spotify:track:0whmIaItqkT8e5PVuPyhvT,e999240901ce4d76955dcfe00bf2f022,2025-11-12T02:01:18Z,3,i diiiiig it. loses me a little bit at parts but the main chorus /beat is rad ,68b3dad8d09947ba9b461ef4cb723e0e
spotify:track:1GQv9r0tn00ZfHTw92jAcW,e999240901ce4d76955dcfe00bf2f022,2025-11-12T02:01:18Z,1,,68b3dad8d09947ba9b461ef4cb723e0e
spotify:track:35nOLWeyoXbZvhcczCzQit,e999240901ce4d76955dcfe00bf2f022,2025-11-12T02:01:18Z,3,fuuuunn,68b3dad8d09947ba9b461ef4cb723e0e
spotify:track:4kbj5MwxO1bq9wjT5g9HaA,e999240901ce4d76955dcfe00bf2f022,2025-11-12T02:01:18Z,1,,68b3dad8d09947ba9b461ef4cb723e0e
spotify:track:6KFQdIB3njXBQNcg1xUh9U,e999240901ce4d76955dcfe00bf2f022,2025-11-12T02:01:18Z,0,"I know its not your classic pump up song but it really gets me hyped, especially at the drop",68b3dad8d09947ba9b461ef4cb723e0e
spotify:track:6LbbHFEajG9e4m0G3L47c4,e999240901ce4d76955dcfe00bf2f022,2025-11-12T02:01:18Z,1,im not a big the who fan but this is fun!,68b3dad8d09947ba9b461ef4cb723e0e
spotify:track:7aBxcRw77817BrkdPChAGY,e999240901ce4d76955dcfe00bf2f022,2025-11-12T02:01:18Z,3,Queen B!,68b3dad8d09947ba9b461ef4cb723e0e
spotify:track:7iXYRR70wewzVYzWScm99j,e999240901ce4d76955dcfe00bf2f022,2025-11-12T02:01:18Z,1,ADRIANN!!,68b3dad8d09947ba9b461ef4cb723e0e
spotify:track:003vvx7Niy0yvhvHt4a68B,2c50a279a7434625875744cd926951b5,2025-11-13T08:31:54Z,3,"Hard to deny this one, even went you want to. ",68b3dad8d09947ba9b461ef4cb723e0e
spotify:track:0whmIaItqkT8e5PVuPyhvT,2c50a279a7434625875744cd926951b5,2025-11-13T08:31:54Z,0,I couldn't get through this. Eurotrash indeed. ,68b3dad8d09947ba9b461ef4cb723e0e
spotify:track:1GQv9r0tn00ZfHTw92jAcW,2c50a279a7434625875744cd926951b5,2025-11-13T08:31:54Z,1,,68b3dad8d09947ba9b461ef4cb723e0e
spotify:track:35nOLWeyoXbZvhcczCzQit,2c50a279a7434625875744cd926951b5,2025-11-13T08:31:54Z,0,I discovered this while looking for a song with noteworthy bass to submit in my other league. It quickly became one of my most played tracks in the last month. ,68b3dad8d09947ba9b461ef4cb723e0e
spotify:track:4kbj5MwxO1bq9wjT5g9HaA,2c50a279a7434625875744cd926951b5,2025-11-13T08:31:54Z,0,This is like the Anne Hathaway of songs for me. ,68b3dad8d09947ba9b461ef4cb723e0e
spotify:track:6KFQdIB3njXBQNcg1xUh9U,2c50a279a7434625875744cd926951b5,2025-11-13T08:31:54Z,2,,68b3dad8d09947ba9b461ef4cb723e0e
spotify:track:6LbbHFEajG9e4m0G3L47c4,2c50a279a7434625875744cd926951b5,2025-11-13T08:31:54Z,4,This one really gets stuck in my head. Fast. ,68b3dad8d09947ba9b461ef4cb723e0e
spotify:track:7aBxcRw77817BrkdPChAGY,2c50a279a7434625875744cd926951b5,2025-11-13T08:31:54Z,3,This really starts going hard around the 2:58 mark... ,68b3dad8d09947ba9b461ef4cb723e0e
spotify:track:7iXYRR70wewzVYzWScm99j,2c50a279a7434625875744cd926951b5,2025-11-13T08:31:54Z,1,Eh for effort... ,68b3dad8d09947ba9b461ef4cb723e0e
spotify:track:003vvx7Niy0yvhvHt4a68B,2f0b5460e6ad4c9a9203f605c3ca0ad5,2025-11-13T18:14:50Z,3,,68b3dad8d09947ba9b461ef4cb723e0e
spotify:track:35nOLWeyoXbZvhcczCzQit,2f0b5460e6ad4c9a9203f605c3ca0ad5,2025-11-13T18:14:50Z,6,,68b3dad8d09947ba9b461ef4cb723e0e
spotify:track:4kbj5MwxO1bq9wjT5g9HaA,2f0b5460e6ad4c9a9203f605c3ca0ad5,2025-11-13T18:14:50Z,1,,68b3dad8d09947ba9b461ef4cb723e0e
spotify:track:7aBxcRw77817BrkdPChAGY,2f0b5460e6ad4c9a9203f605c3ca0ad5,2025-11-13T18:14:50Z,1,,68b3dad8d09947ba9b461ef4cb723e0e
spotify:track:7iXYRR70wewzVYzWScm99j,2f0b5460e6ad4c9a9203f605c3ca0ad5,2025-11-13T18:14:50Z,3,,68b3dad8d09947ba9b461ef4cb723e0e
spotify:track:0vnKE8ukNmF641XhnEyZJD,576dfe5c1d6d4348bb1010d3c16ffd6e,2025-11-16T21:38:21Z,2,Nice beat.,cbff0293ae7740d191984df3ccca85ba
spotify:track:28HadeGsalBfbVfMEkCcF7,576dfe5c1d6d4348bb1010d3c16ffd6e,2025-11-16T21:38:21Z,2,Like her voice,cbff0293ae7740d191984df3ccca85ba
spotify:track:2vECdxxkaVhExdYdB85fyP,576dfe5c1d6d4348bb1010d3c16ffd6e,2025-11-16T21:38:21Z,1,,cbff0293ae7740d191984df3ccca85ba
spotify:track:3dvXRk7TZ929m21p49RR5P,576dfe5c1d6d4348bb1010d3c16ffd6e,2025-11-16T21:38:21Z,1,,cbff0293ae7740d191984df3ccca85ba
spotify:track:5sk89mgPwZyXgD4augi9Rn,576dfe5c1d6d4348bb1010d3c16ffd6e,2025-11-16T21:38:21Z,1,,cbff0293ae7740d191984df3ccca85ba
spotify:track:5YNeRyeovlDh6C2IthH3Vl,576dfe5c1d6d4348bb1010d3c16ffd6e,2025-11-16T21:38:21Z,1,,cbff0293ae7740d191984df3ccca85ba
spotify:track:6tNQ70jh4OwmPGpYy6R2o9,576dfe5c1d6d4348bb1010d3c16ffd6e,2025-11-16T21:38:21Z,4,,cbff0293ae7740d191984df3ccca85ba
spotify:track:7EQjPEL70tzjlTgCgU0QrV,576dfe5c1d6d4348bb1010d3c16ffd6e,2025-11-16T21:38:21Z,2,"""Bringin home the bacon"".",cbff0293ae7740d191984df3ccca85ba
spotify:track:28HadeGsalBfbVfMEkCcF7,7c67a5a1dc45447dbe8663e3d0569caa,2025-11-16T22:44:36Z,3,,cbff0293ae7740d191984df3ccca85ba
spotify:track:2vECdxxkaVhExdYdB85fyP,7c67a5a1dc45447dbe8663e3d0569caa,2025-11-16T22:44:36Z,2,,cbff0293ae7740d191984df3ccca85ba
spotify:track:3dvXRk7TZ929m21p49RR5P,7c67a5a1dc45447dbe8663e3d0569caa,2025-11-16T22:44:36Z,3,"I like Khruangbin but haven't done a good jib of keeping up with their post-2021 material, so thank you.",cbff0293ae7740d191984df3ccca85ba
spotify:track:5sk89mgPwZyXgD4augi9Rn,7c67a5a1dc45447dbe8663e3d0569caa,2025-11-16T22:44:36Z,1,,cbff0293ae7740d191984df3ccca85ba
spotify:track:5YNeRyeovlDh6C2IthH3Vl,7c67a5a1dc45447dbe8663e3d0569caa,2025-11-16T22:44:36Z,1,,cbff0293ae7740d191984df3ccca85ba
spotify:track:6tNQ70jh4OwmPGpYy6R2o9,7c67a5a1dc45447dbe8663e3d0569caa,2025-11-16T22:44:36Z,1,,cbff0293ae7740d191984df3ccca85ba
spotify:track:6v0UJD4a2FtleHeSYVX02A,7c67a5a1dc45447dbe8663e3d0569caa,2025-11-16T22:44:36Z,2,,cbff0293ae7740d191984df3ccca85ba
spotify:track:7EQjPEL70tzjlTgCgU0QrV,7c67a5a1dc45447dbe8663e3d0569caa,2025-11-16T22:44:36Z,1,,cbff0293ae7740d191984df3ccca85ba
spotify:track:0vnKE8ukNmF641XhnEyZJD,dcc28e0cb1484913a81b2043ee1b3fb9,2025-11-17T00:55:10Z,3,,cbff0293ae7740d191984df3ccca85ba
spotify:track:28HadeGsalBfbVfMEkCcF7,dcc28e0cb1484913a81b2043ee1b3fb9,2025-11-17T00:55:10Z,3,,cbff0293ae7740d191984df3ccca85ba
spotify:track:2vECdxxkaVhExdYdB85fyP,dcc28e0cb1484913a81b2043ee1b3fb9,2025-11-17T00:55:10Z,1,,cbff0293ae7740d191984df3ccca85ba
spotify:track:3dvXRk7TZ929m21p49RR5P,dcc28e0cb1484913a81b2043ee1b3fb9,2025-11-17T00:55:10Z,2,,cbff0293ae7740d191984df3ccca85ba
spotify:track:5YNeRyeovlDh6C2IthH3Vl,dcc28e0cb1484913a81b2043ee1b3fb9,2025-11-17T00:55:10Z,1,,cbff0293ae7740d191984df3ccca85ba
spotify:track:6v0UJD4a2FtleHeSYVX02A,dcc28e0cb1484913a81b2043ee1b3fb9,2025-11-17T00:55:10Z,2,,cbff0293ae7740d191984df3ccca85ba
spotify:track:7EQjPEL70tzjlTgCgU0QrV,dcc28e0cb1484913a81b2043ee1b3fb9,2025-11-17T00:55:10Z,2,,cbff0293ae7740d191984df3ccca85ba
spotify:track:0vnKE8ukNmF641XhnEyZJD,b3dfab17cc1e4751b56296dd32ed7b12,2025-11-17T18:36:00Z,3,"This is cool. I like her song Vertigo but never heard of this one. Now I want to explore more of her stuff. 
",cbff0293ae7740d191984df3ccca85ba
spotify:track:2vECdxxkaVhExdYdB85fyP,b3dfab17cc1e4751b56296dd32ed7b12,2025-11-17T18:36:00Z,1,,cbff0293ae7740d191984df3ccca85ba
spotify:track:3dvXRk7TZ929m21p49RR5P,b3dfab17cc1e4751b56296dd32ed7b12,2025-11-17T18:36:00Z,2,,cbff0293ae7740d191984df3ccca85ba
spotify:track:5sk89mgPwZyXgD4augi9Rn,b3dfab17cc1e4751b56296dd32ed7b12,2025-11-17T18:36:00Z,1,,cbff0293ae7740d191984df3ccca85ba
spotify:track:5YNeRyeovlDh6C2IthH3Vl,b3dfab17cc1e4751b56296dd32ed7b12,2025-11-17T18:36:00Z,2,,cbff0293ae7740d191984df3ccca85ba
spotify:track:6tNQ70jh4OwmPGpYy6R2o9,b3dfab17cc1e4751b56296dd32ed7b12,2025-11-17T18:36:00Z,2,,cbff0293ae7740d191984df3ccca85ba
spotify:track:6v0UJD4a2FtleHeSYVX02A,b3dfab17cc1e4751b56296dd32ed7b12,2025-11-17T18:36:00Z,1,,cbff0293ae7740d191984df3ccca85ba
spotify:track:7EQjPEL70tzjlTgCgU0QrV,b3dfab17cc1e4751b56296dd32ed7b12,2025-11-17T18:36:00Z,2,,cbff0293ae7740d191984df3ccca85ba
spotify:track:0vnKE8ukNmF641XhnEyZJD,041d2dd0b7c346b3bcdc78eb2ebd17e6,2025-11-17T19:20:22Z,2,,cbff0293ae7740d191984df3ccca85ba
spotify:track:28HadeGsalBfbVfMEkCcF7,041d2dd0b7c346b3bcdc78eb2ebd17e6,2025-11-17T19:20:22Z,2,,cbff0293ae7740d191984df3ccca85ba
spotify:track:3dvXRk7TZ929m21p49RR5P,041d2dd0b7c346b3bcdc78eb2ebd17e6,2025-11-17T19:20:22Z,3,,cbff0293ae7740d191984df3ccca85ba
spotify:track:5sk89mgPwZyXgD4augi9Rn,041d2dd0b7c346b3bcdc78eb2ebd17e6,2025-11-17T19:20:22Z,1,,cbff0293ae7740d191984df3ccca85ba
spotify:track:5YNeRyeovlDh6C2IthH3Vl,041d2dd0b7c346b3bcdc78eb2ebd17e6,2025-11-17T19:20:22Z,2,,cbff0293ae7740d191984df3ccca85ba
spotify:track:6tNQ70jh4OwmPGpYy6R2o9,041d2dd0b7c346b3bcdc78eb2ebd17e6,2025-11-17T19:20:22Z,2,,cbff0293ae7740d191984df3ccca85ba
spotify:track:6v0UJD4a2FtleHeSYVX02A,041d2dd0b7c346b3bcdc78eb2ebd17e6,2025-11-17T19:20:22Z,1,,cbff0293ae7740d191984df3ccca85ba
spotify:track:7EQjPEL70tzjlTgCgU0QrV,041d2dd0b7c346b3bcdc78eb2ebd17e6,2025-11-17T19:20:22Z,1,,cbff0293ae7740d191984df3ccca85ba
spotify:track:0vnKE8ukNmF641XhnEyZJD,e999240901ce4d76955dcfe00bf2f022,2025-11-17T20:50:32Z,2,This is fun. Don't know griff!,cbff0293ae7740d191984df3ccca85ba
spotify:track:28HadeGsalBfbVfMEkCcF7,e999240901ce4d76955dcfe00bf2f022,2025-11-17T20:50:32Z,2,Loveee,cbff0293ae7740d191984df3ccca85ba
spotify:track:2vECdxxkaVhExdYdB85fyP,e999240901ce4d76955dcfe00bf2f022,2025-11-17T20:50:32Z,1,Very viby. Sounds like it's vault! ,cbff0293ae7740d191984df3ccca85ba
spotify:track:3dvXRk7TZ929m21p49RR5P,e999240901ce4d76955dcfe00bf2f022,2025-11-17T20:50:32Z,3,Love love leon and this is a beautiful song. I haven't spent enough time with this album ,cbff0293ae7740d191984df3ccca85ba
spotify:track:5sk89mgPwZyXgD4augi9Rn,e999240901ce4d76955dcfe00bf2f022,2025-11-17T20:50:32Z,2,Fuuun Iove this ,cbff0293ae7740d191984df3ccca85ba
spotify:track:5YNeRyeovlDh6C2IthH3Vl,e999240901ce4d76955dcfe00bf2f022,2025-11-17T20:50:32Z,2,🥺Beautiful,cbff0293ae7740d191984df3ccca85ba
spotify:track:6tNQ70jh4OwmPGpYy6R2o9,e999240901ce4d76955dcfe00bf2f022,2025-11-17T20:50:32Z,1,Love this song!,cbff0293ae7740d191984df3ccca85ba
spotify:track:6v0UJD4a2FtleHeSYVX02A,e999240901ce4d76955dcfe00bf2f022,2025-11-17T20:50:32Z,1,👑 Adele. Jerry I hope you picked this ,cbff0293ae7740d191984df3ccca85ba
spotify:track:0vnKE8ukNmF641XhnEyZJD,c9cfa17b4e1443fba81ab98f5b33cf2c,2025-11-18T03:00:32Z,2,,cbff0293ae7740d191984df3ccca85ba
spotify:track:28HadeGsalBfbVfMEkCcF7,c9cfa17b4e1443fba81ab98f5b33cf2c,2025-11-18T03:00:32Z,2,,cbff0293ae7740d191984df3ccca85ba
spotify:track:2vECdxxkaVhExdYdB85fyP,c9cfa17b4e1443fba81ab98f5b33cf2c,2025-11-18T03:00:32Z,5,,cbff0293ae7740d191984df3ccca85ba
spotify:track:5YNeRyeovlDh6C2IthH3Vl,c9cfa17b4e1443fba81ab98f5b33cf2c,2025-11-18T03:00:32Z,2,,cbff0293ae7740d191984df3ccca85ba
spotify:track:6tNQ70jh4OwmPGpYy6R2o9,c9cfa17b4e1443fba81ab98f5b33cf2c,2025-11-18T03:00:32Z,2,,cbff0293ae7740d191984df3ccca85ba
spotify:track:7EQjPEL70tzjlTgCgU0QrV,c9cfa17b4e1443fba81ab98f5b33cf2c,2025-11-18T03:00:32Z,1,,cbff0293ae7740d191984df3ccca85ba
spotify:track:0vnKE8ukNmF641XhnEyZJD,2f0b5460e6ad4c9a9203f605c3ca0ad5,2025-11-19T22:31:16Z,1,,cbff0293ae7740d191984df3ccca85ba
spotify:track:28HadeGsalBfbVfMEkCcF7,2f0b5460e6ad4c9a9203f605c3ca0ad5,2025-11-19T22:31:16Z,1,,cbff0293ae7740d191984df3ccca85ba
spotify:track:2vECdxxkaVhExdYdB85fyP,2f0b5460e6ad4c9a9203f605c3ca0ad5,2025-11-19T22:31:16Z,1,,cbff0293ae7740d191984df3ccca85ba
spotify:track:3dvXRk7TZ929m21p49RR5P,2f0b5460e6ad4c9a9203f605c3ca0ad5,2025-11-19T22:31:16Z,2,,cbff0293ae7740d191984df3ccca85ba
spotify:track:5YNeRyeovlDh6C2IthH3Vl,2f0b5460e6ad4c9a9203f605c3ca0ad5,2025-11-19T22:31:16Z,6,,cbff0293ae7740d191984df3ccca85ba
spotify:track:6tNQ70jh4OwmPGpYy6R2o9,2f0b5460e6ad4c9a9203f605c3ca0ad5,2025-11-19T22:31:16Z,1,,cbff0293ae7740d191984df3ccca85ba
spotify:track:6v0UJD4a2FtleHeSYVX02A,2f0b5460e6ad4c9a9203f605c3ca0ad5,2025-11-19T22:31:16Z,1,,cbff0293ae7740d191984df3ccca85ba
spotify:track:7EQjPEL70tzjlTgCgU0QrV,2f0b5460e6ad4c9a9203f605c3ca0ad5,2025-11-19T22:31:16Z,1,,cbff0293ae7740d191984df3ccca85ba
spotify:track:2vECdxxkaVhExdYdB85fyP,2c50a279a7434625875744cd926951b5,2025-11-20T19:52:43Z,1,,cbff0293ae7740d191984df3ccca85ba
spotify:track:3dvXRk7TZ929m21p49RR5P,2c50a279a7434625875744cd926951b5,2025-11-20T19:52:43Z,3,,cbff0293ae7740d191984df3ccca85ba
spotify:track:5sk89mgPwZyXgD4augi9Rn,2c50a279a7434625875744cd926951b5,2025-11-20T19:52:43Z,6,,cbff0293ae7740d191984df3ccca85ba
spotify:track:6v0UJD4a2FtleHeSYVX02A,2c50a279a7434625875744cd926951b5,2025-11-20T19:52:43Z,1,,cbff0293ae7740d191984df3ccca85ba
spotify:track:7EQjPEL70tzjlTgCgU0QrV,2c50a279a7434625875744cd926951b5,2025-11-20T19:52:43Z,3,,cbff0293ae7740d191984df3ccca85ba
spotify:track:7ccI9cStQbQdystvc6TvxD,7c67a5a1dc45447dbe8663e3d0569caa,2025-11-24T01:50:06Z,2,,e775303cd72f462f9474f449b9224f9f
spotify:track:436yrzQWA32vb1sTZKXg9r,7c67a5a1dc45447dbe8663e3d0569caa,2025-11-24T01:50:06Z,1,,e775303cd72f462f9474f449b9224f9f
spotify:track:42UaitnwvuKqNcD5Oa2HlD,7c67a5a1dc45447dbe8663e3d0569caa,2025-11-24T01:50:06Z,2,,e775303cd72f462f9474f449b9224f9f
spotify:track:3khtVBKKSjLZie9bMSuf1g,7c67a5a1dc45447dbe8663e3d0569caa,2025-11-24T01:50:06Z,2,,e775303cd72f462f9474f449b9224f9f
spotify:track:3dmqIB2Qxe2XZobw9gXxJ6,7c67a5a1dc45447dbe8663e3d0569caa,2025-11-24T01:50:06Z,2,,e775303cd72f462f9474f449b9224f9f
spotify:track:2E6QMP1mJcyD319Izd5mIK,7c67a5a1dc45447dbe8663e3d0569caa,2025-11-24T01:50:06Z,2,,e775303cd72f462f9474f449b9224f9f
spotify:track:260Ub1Yuj4CobdISTOBvM9,7c67a5a1dc45447dbe8663e3d0569caa,2025-11-24T01:50:06Z,2,,e775303cd72f462f9474f449b9224f9f
spotify:track:15zJeVUmKFnbrxm9dxcxYD,7c67a5a1dc45447dbe8663e3d0569caa,2025-11-24T01:50:06Z,1,,e775303cd72f462f9474f449b9224f9f
spotify:track:260Ub1Yuj4CobdISTOBvM9,2f0b5460e6ad4c9a9203f605c3ca0ad5,2025-11-25T03:24:08Z,4,,e775303cd72f462f9474f449b9224f9f
spotify:track:7ccI9cStQbQdystvc6TvxD,2f0b5460e6ad4c9a9203f605c3ca0ad5,2025-11-25T03:24:08Z,6,,e775303cd72f462f9474f449b9224f9f
spotify:track:3dmqIB2Qxe2XZobw9gXxJ6,2f0b5460e6ad4c9a9203f605c3ca0ad5,2025-11-25T03:24:08Z,4,,e775303cd72f462f9474f449b9224f9f
spotify:track:3khtVBKKSjLZie9bMSuf1g,b3dfab17cc1e4751b56296dd32ed7b12,2025-11-25T16:54:07Z,1,,e775303cd72f462f9474f449b9224f9f
spotify:track:3dmqIB2Qxe2XZobw9gXxJ6,b3dfab17cc1e4751b56296dd32ed7b12,2025-11-25T16:54:07Z,3,,e775303cd72f462f9474f449b9224f9f
spotify:track:260Ub1Yuj4CobdISTOBvM9,b3dfab17cc1e4751b56296dd32ed7b12,2025-11-25T16:54:07Z,3,,e775303cd72f462f9474f449b9224f9f
spotify:track:15zJeVUmKFnbrxm9dxcxYD,b3dfab17cc1e4751b56296dd32ed7b12,2025-11-25T16:54:07Z,2,,e775303cd72f462f9474f449b9224f9f
spotify:track:436yrzQWA32vb1sTZKXg9r,b3dfab17cc1e4751b56296dd32ed7b12,2025-11-25T16:54:07Z,1,,e775303cd72f462f9474f449b9224f9f
spotify:track:42UaitnwvuKqNcD5Oa2HlD,b3dfab17cc1e4751b56296dd32ed7b12,2025-11-25T16:54:07Z,3,,e775303cd72f462f9474f449b9224f9f
spotify:track:3vqSWOEMO4OOxa2QJHuitI,b3dfab17cc1e4751b56296dd32ed7b12,2025-11-25T16:54:07Z,1,,e775303cd72f462f9474f449b9224f9f
spotify:track:3khtVBKKSjLZie9bMSuf1g,dcc28e0cb1484913a81b2043ee1b3fb9,2025-11-26T00:28:23Z,1,,e775303cd72f462f9474f449b9224f9f
spotify:track:3dmqIB2Qxe2XZobw9gXxJ6,dcc28e0cb1484913a81b2043ee1b3fb9,2025-11-26T00:28:23Z,2,,e775303cd72f462f9474f449b9224f9f
spotify:track:3vqSWOEMO4OOxa2QJHuitI,dcc28e0cb1484913a81b2043ee1b3fb9,2025-11-26T00:28:23Z,1,,e775303cd72f462f9474f449b9224f9f
spotify:track:42UaitnwvuKqNcD5Oa2HlD,dcc28e0cb1484913a81b2043ee1b3fb9,2025-11-26T00:28:23Z,3,,e775303cd72f462f9474f449b9224f9f
spotify:track:436yrzQWA32vb1sTZKXg9r,dcc28e0cb1484913a81b2043ee1b3fb9,2025-11-26T00:28:23Z,2,,e775303cd72f462f9474f449b9224f9f
spotify:track:7ccI9cStQbQdystvc6TvxD,dcc28e0cb1484913a81b2043ee1b3fb9,2025-11-26T00:28:23Z,2,,e775303cd72f462f9474f449b9224f9f
spotify:track:15zJeVUmKFnbrxm9dxcxYD,dcc28e0cb1484913a81b2043ee1b3fb9,2025-11-26T00:28:23Z,0,"I love this song! Great for singing in the shower!
",e775303cd72f462f9474f449b9224f9f
spotify:track:2E6QMP1mJcyD319Izd5mIK,dcc28e0cb1484913a81b2043ee1b3fb9,2025-11-26T00:28:23Z,3,,e775303cd72f462f9474f449b9224f9f
spotify:track:15zJeVUmKFnbrxm9dxcxYD,c9cfa17b4e1443fba81ab98f5b33cf2c,2025-11-26T00:35:33Z,1,,e775303cd72f462f9474f449b9224f9f
spotify:track:260Ub1Yuj4CobdISTOBvM9,c9cfa17b4e1443fba81ab98f5b33cf2c,2025-11-26T00:35:33Z,3,,e775303cd72f462f9474f449b9224f9f
spotify:track:2E6QMP1mJcyD319Izd5mIK,c9cfa17b4e1443fba81ab98f5b33cf2c,2025-11-26T00:35:33Z,3,,e775303cd72f462f9474f449b9224f9f
spotify:track:3khtVBKKSjLZie9bMSuf1g,c9cfa17b4e1443fba81ab98f5b33cf2c,2025-11-26T00:35:33Z,3,,e775303cd72f462f9474f449b9224f9f
spotify:track:3vqSWOEMO4OOxa2QJHuitI,c9cfa17b4e1443fba81ab98f5b33cf2c,2025-11-26T00:35:33Z,1,,e775303cd72f462f9474f449b9224f9f
spotify:track:42UaitnwvuKqNcD5Oa2HlD,c9cfa17b4e1443fba81ab98f5b33cf2c,2025-11-26T00:35:33Z,1,,e775303cd72f462f9474f449b9224f9f
spotify:track:436yrzQWA32vb1sTZKXg9r,c9cfa17b4e1443fba81ab98f5b33cf2c,2025-11-26T00:35:33Z,1,,e775303cd72f462f9474f449b9224f9f
spotify:track:7ccI9cStQbQdystvc6TvxD,c9cfa17b4e1443fba81ab98f5b33cf2c,2025-11-26T00:35:33Z,1,,e775303cd72f462f9474f449b9224f9f
spotify:track:7ccI9cStQbQdystvc6TvxD,e999240901ce4d76955dcfe00bf2f022,2025-11-26T00:50:03Z,1,,e775303cd72f462f9474f449b9224f9f
spotify:track:15zJeVUmKFnbrxm9dxcxYD,e999240901ce4d76955dcfe00bf2f022,2025-11-26T00:50:03Z,2,,e775303cd72f462f9474f449b9224f9f
spotify:track:260Ub1Yuj4CobdISTOBvM9,e999240901ce4d76955dcfe00bf2f022,2025-11-26T00:50:03Z,2,Funn,e775303cd72f462f9474f449b9224f9f
spotify:track:2E6QMP1mJcyD319Izd5mIK,e999240901ce4d76955dcfe00bf2f022,2025-11-26T00:50:03Z,3,One of my all time favesss 👑,e775303cd72f462f9474f449b9224f9f
spotify:track:3dmqIB2Qxe2XZobw9gXxJ6,e999240901ce4d76955dcfe00bf2f022,2025-11-26T00:50:03Z,1,,e775303cd72f462f9474f449b9224f9f
spotify:track:3khtVBKKSjLZie9bMSuf1g,e999240901ce4d76955dcfe00bf2f022,2025-11-26T00:50:03Z,3,Really dig this ,e775303cd72f462f9474f449b9224f9f
spotify:track:3vqSWOEMO4OOxa2QJHuitI,e999240901ce4d76955dcfe00bf2f022,2025-11-26T00:50:03Z,1,,e775303cd72f462f9474f449b9224f9f
spotify:track:436yrzQWA32vb1sTZKXg9r,e999240901ce4d76955dcfe00bf2f022,2025-11-26T00:50:03Z,1,,e775303cd72f462f9474f449b9224f9f
spotify:track:436yrzQWA32vb1sTZKXg9r,576dfe5c1d6d4348bb1010d3c16ffd6e,2025-11-26T19:52:42Z,3,,e775303cd72f462f9474f449b9224f9f
spotify:track:42UaitnwvuKqNcD5Oa2HlD,576dfe5c1d6d4348bb1010d3c16ffd6e,2025-11-26T19:52:42Z,1,,e775303cd72f462f9474f449b9224f9f
spotify:track:3vqSWOEMO4OOxa2QJHuitI,576dfe5c1d6d4348bb1010d3c16ffd6e,2025-11-26T19:52:42Z,1,,e775303cd72f462f9474f449b9224f9f
spotify:track:3khtVBKKSjLZie9bMSuf1g,576dfe5c1d6d4348bb1010d3c16ffd6e,2025-11-26T19:52:42Z,3,,e775303cd72f462f9474f449b9224f9f
spotify:track:3dmqIB2Qxe2XZobw9gXxJ6,576dfe5c1d6d4348bb1010d3c16ffd6e,2025-11-26T19:52:42Z,2,,e775303cd72f462f9474f449b9224f9f
spotify:track:2E6QMP1mJcyD319Izd5mIK,576dfe5c1d6d4348bb1010d3c16ffd6e,2025-11-26T19:52:42Z,1,,e775303cd72f462f9474f449b9224f9f
spotify:track:260Ub1Yuj4CobdISTOBvM9,576dfe5c1d6d4348bb1010d3c16ffd6e,2025-11-26T19:52:42Z,1,,e775303cd72f462f9474f449b9224f9f
spotify:track:15zJeVUmKFnbrxm9dxcxYD,576dfe5c1d6d4348bb1010d3c16ffd6e,2025-11-26T19:52:42Z,2,,e775303cd72f462f9474f449b9224f9f
spotify:track:2E6QMP1mJcyD319Izd5mIK,041d2dd0b7c346b3bcdc78eb2ebd17e6,2025-11-26T21:55:34Z,3,Also really liked this one.,e775303cd72f462f9474f449b9224f9f
spotify:track:7ccI9cStQbQdystvc6TvxD,041d2dd0b7c346b3bcdc78eb2ebd17e6,2025-11-26T21:55:34Z,1,Wouldn't dare butcher Freddies voice in the shower 😬,e775303cd72f462f9474f449b9224f9f
spotify:track:436yrzQWA32vb1sTZKXg9r,041d2dd0b7c346b3bcdc78eb2ebd17e6,2025-11-26T21:55:34Z,1,,e775303cd72f462f9474f449b9224f9f
spotify:track:42UaitnwvuKqNcD5Oa2HlD,041d2dd0b7c346b3bcdc78eb2ebd17e6,2025-11-26T21:55:34Z,2,,e775303cd72f462f9474f449b9224f9f
spotify:track:3vqSWOEMO4OOxa2QJHuitI,041d2dd0b7c346b3bcdc78eb2ebd17e6,2025-11-26T21:55:34Z,1,,e775303cd72f462f9474f449b9224f9f
spotify:track:3dmqIB2Qxe2XZobw9gXxJ6,041d2dd0b7c346b3bcdc78eb2ebd17e6,2025-11-26T21:55:34Z,1,,e775303cd72f462f9474f449b9224f9f
spotify:track:260Ub1Yuj4CobdISTOBvM9,041d2dd0b7c346b3bcdc78eb2ebd17e6,2025-11-26T21:55:34Z,4,Love this! Catchy.,e775303cd72f462f9474f449b9224f9f
spotify:track:15zJeVUmKFnbrxm9dxcxYD,041d2dd0b7c346b3bcdc78eb2ebd17e6,2025-11-26T21:55:34Z,1,,e775303cd72f462f9474f449b9224f9f
spotify:track:2E6QMP1mJcyD319Izd5mIK,2c50a279a7434625875744cd926951b5,2025-11-27T06:49:08Z,2,,e775303cd72f462f9474f449b9224f9f
spotify:track:260Ub1Yuj4CobdISTOBvM9,2c50a279a7434625875744cd926951b5,2025-11-27T06:49:08Z,0,I prefer Harry Styles' cover but videos aren't allowed. It's a grave loss for us all. ,e775303cd72f462f9474f449b9224f9f
spotify:track:15zJeVUmKFnbrxm9dxcxYD,2c50a279a7434625875744cd926951b5,2025-11-27T06:49:08Z,0,I do not appreciate 2 consecutive weeks of Boone ,e775303cd72f462f9474f449b9224f9f
spotify:track:3dmqIB2Qxe2XZobw9gXxJ6,2c50a279a7434625875744cd926951b5,2025-11-27T06:49:08Z,2,,e775303cd72f462f9474f449b9224f9f
spotify:track:3khtVBKKSjLZie9bMSuf1g,2c50a279a7434625875744cd926951b5,2025-11-27T06:49:08Z,1,,e775303cd72f462f9474f449b9224f9f
spotify:track:3vqSWOEMO4OOxa2QJHuitI,2c50a279a7434625875744cd926951b5,2025-11-27T06:49:08Z,3,,e775303cd72f462f9474f449b9224f9f
spotify:track:436yrzQWA32vb1sTZKXg9r,2c50a279a7434625875744cd926951b5,2025-11-27T06:49:08Z,3,,e775303cd72f462f9474f449b9224f9f
spotify:track:7ccI9cStQbQdystvc6TvxD,2c50a279a7434625875744cd926951b5,2025-11-27T06:49:08Z,3,Such an odd choice for the theme... even if limited to only Queen songs. ,e775303cd72f462f9474f449b9224f9f
spotify:track:0J8D5urAKG9QFCrUP4XyU6,7c67a5a1dc45447dbe8663e3d0569caa,2025-12-01T17:53:01Z,2,,b2af1d8e51e249a2b70ca7e63389ae56
spotify:track:1Wi1XpdZzGVIdRTzlTrIEF,7c67a5a1dc45447dbe8663e3d0569caa,2025-12-01T17:53:01Z,3,,b2af1d8e51e249a2b70ca7e63389ae56
spotify:track:39QBkWKnap8wRSW4WB9OK0,7c67a5a1dc45447dbe8663e3d0569caa,2025-12-01T17:53:01Z,2,,b2af1d8e51e249a2b70ca7e63389ae56
spotify:track:6G7iasUIzd1NUDvfcZYmxc,7c67a5a1dc45447dbe8663e3d0569caa,2025-12-01T17:53:01Z,3,,b2af1d8e51e249a2b70ca7e63389ae56
spotify:track:6VeZ970uI0Yi6sjBgyFBrp,7c67a5a1dc45447dbe8663e3d0569caa,2025-12-01T17:53:01Z,2,,b2af1d8e51e249a2b70ca7e63389ae56
spotify:track:7npEyXswEtXndjHXQs081U,7c67a5a1dc45447dbe8663e3d0569caa,2025-12-01T17:53:01Z,2,,b2af1d8e51e249a2b70ca7e63389ae56
spotify:track:0vtgMfyOVM2Y97DcVVJw3m,b3dfab17cc1e4751b56296dd32ed7b12,2025-12-01T19:26:25Z,3,,b2af1d8e51e249a2b70ca7e63389ae56
spotify:track:39QBkWKnap8wRSW4WB9OK0,b3dfab17cc1e4751b56296dd32ed7b12,2025-12-01T19:26:25Z,1,,b2af1d8e51e249a2b70ca7e63389ae56
spotify:track:3Am0IbOxmvlSXro7N5iSfZ,b3dfab17cc1e4751b56296dd32ed7b12,2025-12-01T19:26:25Z,3,,b2af1d8e51e249a2b70ca7e63389ae56
spotify:track:3X7xtmkqehuBVaZ59tfK3G,b3dfab17cc1e4751b56296dd32ed7b12,2025-12-01T19:26:25Z,1,,b2af1d8e51e249a2b70ca7e63389ae56
spotify:track:6G7iasUIzd1NUDvfcZYmxc,b3dfab17cc1e4751b56296dd32ed7b12,2025-12-01T19:26:25Z,3,,b2af1d8e51e249a2b70ca7e63389ae56
spotify:track:6VeZ970uI0Yi6sjBgyFBrp,b3dfab17cc1e4751b56296dd32ed7b12,2025-12-01T19:26:25Z,1,,b2af1d8e51e249a2b70ca7e63389ae56
spotify:track:7npEyXswEtXndjHXQs081U,b3dfab17cc1e4751b56296dd32ed7b12,2025-12-01T19:26:25Z,2,,b2af1d8e51e249a2b70ca7e63389ae56
spotify:track:0J8D5urAKG9QFCrUP4XyU6,e999240901ce4d76955dcfe00bf2f022,2025-12-03T15:07:34Z,0,Sorry not my thing ,b2af1d8e51e249a2b70ca7e63389ae56
spotify:track:0vtgMfyOVM2Y97DcVVJw3m,e999240901ce4d76955dcfe00bf2f022,2025-12-03T15:07:34Z,3,Ive never really gotten into Lorde but have wanted to. Like this ,b2af1d8e51e249a2b70ca7e63389ae56
spotify:track:1Wi1XpdZzGVIdRTzlTrIEF,e999240901ce4d76955dcfe00bf2f022,2025-12-03T15:07:34Z,4,Love,b2af1d8e51e249a2b70ca7e63389ae56
spotify:track:39QBkWKnap8wRSW4WB9OK0,e999240901ce4d76955dcfe00bf2f022,2025-12-03T15:07:34Z,2,Sippin on gin and juuuuice ,b2af1d8e51e249a2b70ca7e63389ae56
spotify:track:3Am0IbOxmvlSXro7N5iSfZ,e999240901ce4d76955dcfe00bf2f022,2025-12-03T15:07:34Z,2,,b2af1d8e51e249a2b70ca7e63389ae56
spotify:track:3X7xtmkqehuBVaZ59tfK3G,e999240901ce4d76955dcfe00bf2f022,2025-12-03T15:07:34Z,1,,b2af1d8e51e249a2b70ca7e63389ae56
spotify:track:6VeZ970uI0Yi6sjBgyFBrp,e999240901ce4d76955dcfe00bf2f022,2025-12-03T15:07:34Z,0,Not a buffett fan 🙉🙈🙊,b2af1d8e51e249a2b70ca7e63389ae56
spotify:track:7npEyXswEtXndjHXQs081U,e999240901ce4d76955dcfe00bf2f022,2025-12-03T15:07:34Z,2,,b2af1d8e51e249a2b70ca7e63389ae56
spotify:track:0J8D5urAKG9QFCrUP4XyU6,041d2dd0b7c346b3bcdc78eb2ebd17e6,2025-12-03T16:50:43Z,2,,b2af1d8e51e249a2b70ca7e63389ae56
spotify:track:0vtgMfyOVM2Y97DcVVJw3m,041d2dd0b7c346b3bcdc78eb2ebd17e6,2025-12-03T16:50:43Z,2,,b2af1d8e51e249a2b70ca7e63389ae56
spotify:track:1Wi1XpdZzGVIdRTzlTrIEF,041d2dd0b7c346b3bcdc78eb2ebd17e6,2025-12-03T16:50:43Z,3,,b2af1d8e51e249a2b70ca7e63389ae56
spotify:track:3X7xtmkqehuBVaZ59tfK3G,041d2dd0b7c346b3bcdc78eb2ebd17e6,2025-12-03T16:50:43Z,3,Funky,b2af1d8e51e249a2b70ca7e63389ae56
spotify:track:6G7iasUIzd1NUDvfcZYmxc,041d2dd0b7c346b3bcdc78eb2ebd17e6,2025-12-03T16:50:43Z,1,There's something about this kind of singing style I have a hard time with. Otherwise has potential!,b2af1d8e51e249a2b70ca7e63389ae56
spotify:track:6VeZ970uI0Yi6sjBgyFBrp,041d2dd0b7c346b3bcdc78eb2ebd17e6,2025-12-03T16:50:43Z,2,,b2af1d8e51e249a2b70ca7e63389ae56
spotify:track:7npEyXswEtXndjHXQs081U,041d2dd0b7c346b3bcdc78eb2ebd17e6,2025-12-03T16:50:43Z,1,I like this song but felt like I wanted a stronger presence of the topic.,b2af1d8e51e249a2b70ca7e63389ae56
spotify:track:0J8D5urAKG9QFCrUP4XyU6,c9cfa17b4e1443fba81ab98f5b33cf2c,2025-12-03T17:02:36Z,1,,b2af1d8e51e249a2b70ca7e63389ae56
spotify:track:0vtgMfyOVM2Y97DcVVJw3m,c9cfa17b4e1443fba81ab98f5b33cf2c,2025-12-03T17:02:36Z,1,,b2af1d8e51e249a2b70ca7e63389ae56
spotify:track:1Wi1XpdZzGVIdRTzlTrIEF,c9cfa17b4e1443fba81ab98f5b33cf2c,2025-12-03T17:02:36Z,6,,b2af1d8e51e249a2b70ca7e63389ae56
spotify:track:39QBkWKnap8wRSW4WB9OK0,c9cfa17b4e1443fba81ab98f5b33cf2c,2025-12-03T17:02:36Z,2,,b2af1d8e51e249a2b70ca7e63389ae56
spotify:track:3Am0IbOxmvlSXro7N5iSfZ,c9cfa17b4e1443fba81ab98f5b33cf2c,2025-12-03T17:02:36Z,1,,b2af1d8e51e249a2b70ca7e63389ae56
spotify:track:6G7iasUIzd1NUDvfcZYmxc,c9cfa17b4e1443fba81ab98f5b33cf2c,2025-12-03T17:02:36Z,1,,b2af1d8e51e249a2b70ca7e63389ae56
spotify:track:6VeZ970uI0Yi6sjBgyFBrp,c9cfa17b4e1443fba81ab98f5b33cf2c,2025-12-03T17:02:36Z,1,,b2af1d8e51e249a2b70ca7e63389ae56
spotify:track:7npEyXswEtXndjHXQs081U,c9cfa17b4e1443fba81ab98f5b33cf2c,2025-12-03T17:02:36Z,1,,b2af1d8e51e249a2b70ca7e63389ae56
spotify:track:0J8D5urAKG9QFCrUP4XyU6,dcc28e0cb1484913a81b2043ee1b3fb9,2025-12-03T17:30:09Z,1,,b2af1d8e51e249a2b70ca7e63389ae56
spotify:track:1Wi1XpdZzGVIdRTzlTrIEF,dcc28e0cb1484913a81b2043ee1b3fb9,2025-12-03T17:30:09Z,5,,b2af1d8e51e249a2b70ca7e63389ae56
spotify:track:39QBkWKnap8wRSW4WB9OK0,dcc28e0cb1484913a81b2043ee1b3fb9,2025-12-03T17:30:09Z,1,,b2af1d8e51e249a2b70ca7e63389ae56
spotify:track:3X7xtmkqehuBVaZ59tfK3G,dcc28e0cb1484913a81b2043ee1b3fb9,2025-12-03T17:30:09Z,1,,b2af1d8e51e249a2b70ca7e63389ae56
spotify:track:6G7iasUIzd1NUDvfcZYmxc,dcc28e0cb1484913a81b2043ee1b3fb9,2025-12-03T17:30:09Z,1,,b2af1d8e51e249a2b70ca7e63389ae56
spotify:track:6VeZ970uI0Yi6sjBgyFBrp,dcc28e0cb1484913a81b2043ee1b3fb9,2025-12-03T17:30:09Z,4,,b2af1d8e51e249a2b70ca7e63389ae56
spotify:track:7npEyXswEtXndjHXQs081U,dcc28e0cb1484913a81b2043ee1b3fb9,2025-12-03T17:30:09Z,1,,b2af1d8e51e249a2b70ca7e63389ae56
spotify:track:0J8D5urAKG9QFCrUP4XyU6,2c50a279a7434625875744cd926951b5,2025-12-03T18:01:28Z,4,,b2af1d8e51e249a2b70ca7e63389ae56
spotify:track:0vtgMfyOVM2Y97DcVVJw3m,2c50a279a7434625875744cd926951b5,2025-12-03T18:01:28Z,1,,b2af1d8e51e249a2b70ca7e63389ae56
spotify:track:39QBkWKnap8wRSW4WB9OK0,2c50a279a7434625875744cd926951b5,2025-12-03T18:01:28Z,4,,b2af1d8e51e249a2b70ca7e63389ae56
spotify:track:3Am0IbOxmvlSXro7N5iSfZ,2c50a279a7434625875744cd926951b5,2025-12-03T18:01:28Z,3,Great song and even better dish from Mill Cross Cafe ,b2af1d8e51e249a2b70ca7e63389ae56
spotify:track:3X7xtmkqehuBVaZ59tfK3G,2c50a279a7434625875744cd926951b5,2025-12-03T18:01:28Z,2,,b2af1d8e51e249a2b70ca7e63389ae56
spotify:track:0vtgMfyOVM2Y97DcVVJw3m,2f0b5460e6ad4c9a9203f605c3ca0ad5,2025-12-03T18:01:29Z,1,,b2af1d8e51e249a2b70ca7e63389ae56
spotify:track:39QBkWKnap8wRSW4WB9OK0,2f0b5460e6ad4c9a9203f605c3ca0ad5,2025-12-03T18:01:29Z,5,,b2af1d8e51e249a2b70ca7e63389ae56
spotify:track:3Am0IbOxmvlSXro7N5iSfZ,2f0b5460e6ad4c9a9203f605c3ca0ad5,2025-12-03T18:01:29Z,4,,b2af1d8e51e249a2b70ca7e63389ae56
spotify:track:3X7xtmkqehuBVaZ59tfK3G,2f0b5460e6ad4c9a9203f605c3ca0ad5,2025-12-03T18:01:29Z,1,,b2af1d8e51e249a2b70ca7e63389ae56
spotify:track:6VeZ970uI0Yi6sjBgyFBrp,2f0b5460e6ad4c9a9203f605c3ca0ad5,2025-12-03T18:01:29Z,1,,b2af1d8e51e249a2b70ca7e63389ae56
spotify:track:7npEyXswEtXndjHXQs081U,2f0b5460e6ad4c9a9203f605c3ca0ad5,2025-12-03T18:01:29Z,2,,b2af1d8e51e249a2b70ca7e63389ae56
spotify:track:0J8D5urAKG9QFCrUP4XyU6,576dfe5c1d6d4348bb1010d3c16ffd6e,2025-12-04T16:36:19Z,3,,b2af1d8e51e249a2b70ca7e63389ae56
spotify:track:0vtgMfyOVM2Y97DcVVJw3m,576dfe5c1d6d4348bb1010d3c16ffd6e,2025-12-04T16:36:19Z,1,,b2af1d8e51e249a2b70ca7e63389ae56
spotify:track:1Wi1XpdZzGVIdRTzlTrIEF,576dfe5c1d6d4348bb1010d3c16ffd6e,2025-12-04T16:36:19Z,1,,b2af1d8e51e249a2b70ca7e63389ae56
spotify:track:39QBkWKnap8wRSW4WB9OK0,576dfe5c1d6d4348bb1010d3c16ffd6e,2025-12-04T16:36:19Z,3,,b2af1d8e51e249a2b70ca7e63389ae56
spotify:track:3Am0IbOxmvlSXro7N5iSfZ,576dfe5c1d6d4348bb1010d3c16ffd6e,2025-12-04T16:36:19Z,3,,b2af1d8e51e249a2b70ca7e63389ae56
spotify:track:3X7xtmkqehuBVaZ59tfK3G,576dfe5c1d6d4348bb1010d3c16ffd6e,2025-12-04T16:36:19Z,1,,b2af1d8e51e249a2b70ca7e63389ae56
spotify:track:6G7iasUIzd1NUDvfcZYmxc,576dfe5c1d6d4348bb1010d3c16ffd6e,2025-12-04T16:36:19Z,1,,b2af1d8e51e249a2b70ca7e63389ae56
spotify:track:7npEyXswEtXndjHXQs081U,576dfe5c1d6d4348bb1010d3c16ffd6e,2025-12-04T16:36:19Z,1,,b2af1d8e51e249a2b70ca7e63389ae56
spotify:track:0NLinDVPDkD2OCCqhh6PZ5,c9cfa17b4e1443fba81ab98f5b33cf2c,2025-12-08T04:00:35Z,3,,1dca94faeb044555b8f88ddce045efa0
spotify:track:28BMJNUEpAFUiPOBCk3Xw2,c9cfa17b4e1443fba81ab98f5b33cf2c,2025-12-08T04:00:35Z,4,,1dca94faeb044555b8f88ddce045efa0
spotify:track:62Da3JOu9H9EIgmqV7DoLG,c9cfa17b4e1443fba81ab98f5b33cf2c,2025-12-08T04:00:35Z,5,,1dca94faeb044555b8f88ddce045efa0
spotify:track:7qkv79RK1ESgjeEgUdcGj8,c9cfa17b4e1443fba81ab98f5b33cf2c,2025-12-08T04:00:35Z,2,,1dca94faeb044555b8f88ddce045efa0
spotify:track:0NLinDVPDkD2OCCqhh6PZ5,7c67a5a1dc45447dbe8663e3d0569caa,2025-12-08T05:21:37Z,2,,1dca94faeb044555b8f88ddce045efa0
spotify:track:1ijrMIqQvZNsnoqGukPzFD,7c67a5a1dc45447dbe8663e3d0569caa,2025-12-08T05:21:37Z,1,,1dca94faeb044555b8f88ddce045efa0
spotify:track:28BMJNUEpAFUiPOBCk3Xw2,7c67a5a1dc45447dbe8663e3d0569caa,2025-12-08T05:21:37Z,4,... Matt? Is that you? ,1dca94faeb044555b8f88ddce045efa0
spotify:track:55xly70WJY1cx5qsoogaqs,7c67a5a1dc45447dbe8663e3d0569caa,2025-12-08T05:21:37Z,0,"This is a great fit for the movie, but doesn't do much for me outside of the movie",1dca94faeb044555b8f88ddce045efa0
spotify:track:589AelScFm0FYQ4VG1biJi,7c67a5a1dc45447dbe8663e3d0569caa,2025-12-08T05:21:37Z,0,"This is a great fit for the movie, but doesn't do much for me outside of the movie",1dca94faeb044555b8f88ddce045efa0
spotify:track:5PUFKWLxbNUEtkblAgX10B,7c67a5a1dc45447dbe8663e3d0569caa,2025-12-08T05:21:37Z,1,,1dca94faeb044555b8f88ddce045efa0
spotify:track:6lME0CcSj49T7LqeBOygXQ,7c67a5a1dc45447dbe8663e3d0569caa,2025-12-08T05:21:37Z,1,,1dca94faeb044555b8f88ddce045efa0
spotify:track:7qkv79RK1ESgjeEgUdcGj8,7c67a5a1dc45447dbe8663e3d0569caa,2025-12-08T05:21:37Z,5,I feel like this is Mara trying to get a few easy points out of me ,1dca94faeb044555b8f88ddce045efa0
spotify:track:1ijrMIqQvZNsnoqGukPzFD,b3dfab17cc1e4751b56296dd32ed7b12,2025-12-08T19:51:30Z,4,,1dca94faeb044555b8f88ddce045efa0
spotify:track:28BMJNUEpAFUiPOBCk3Xw2,b3dfab17cc1e4751b56296dd32ed7b12,2025-12-08T19:51:30Z,1,,1dca94faeb044555b8f88ddce045efa0
spotify:track:55xly70WJY1cx5qsoogaqs,b3dfab17cc1e4751b56296dd32ed7b12,2025-12-08T19:51:30Z,3,,1dca94faeb044555b8f88ddce045efa0
spotify:track:589AelScFm0FYQ4VG1biJi,b3dfab17cc1e4751b56296dd32ed7b12,2025-12-08T19:51:30Z,2,,1dca94faeb044555b8f88ddce045efa0
spotify:track:5PUFKWLxbNUEtkblAgX10B,b3dfab17cc1e4751b56296dd32ed7b12,2025-12-08T19:51:30Z,2,,1dca94faeb044555b8f88ddce045efa0
spotify:track:62Da3JOu9H9EIgmqV7DoLG,b3dfab17cc1e4751b56296dd32ed7b12,2025-12-08T19:51:30Z,2,,1dca94faeb044555b8f88ddce045efa0
spotify:track:0NLinDVPDkD2OCCqhh6PZ5,576dfe5c1d6d4348bb1010d3c16ffd6e,2025-12-10T17:44:27Z,2,,1dca94faeb044555b8f88ddce045efa0
spotify:track:1ijrMIqQvZNsnoqGukPzFD,576dfe5c1d6d4348bb1010d3c16ffd6e,2025-12-10T17:44:27Z,2,,1dca94faeb044555b8f88ddce045efa0
spotify:track:28BMJNUEpAFUiPOBCk3Xw2,576dfe5c1d6d4348bb1010d3c16ffd6e,2025-12-10T17:44:27Z,2,,1dca94faeb044555b8f88ddce045efa0
spotify:track:589AelScFm0FYQ4VG1biJi,576dfe5c1d6d4348bb1010d3c16ffd6e,2025-12-10T17:44:27Z,2,,1dca94faeb044555b8f88ddce045efa0
spotify:track:5PUFKWLxbNUEtkblAgX10B,576dfe5c1d6d4348bb1010d3c16ffd6e,2025-12-10T17:44:27Z,2,,1dca94faeb044555b8f88ddce045efa0
spotify:track:62Da3JOu9H9EIgmqV7DoLG,576dfe5c1d6d4348bb1010d3c16ffd6e,2025-12-10T17:44:27Z,2,,1dca94faeb044555b8f88ddce045efa0
spotify:track:6lME0CcSj49T7LqeBOygXQ,576dfe5c1d6d4348bb1010d3c16ffd6e,2025-12-10T17:44:27Z,2,,1dca94faeb044555b8f88ddce045efa0
spotify:track:0NLinDVPDkD2OCCqhh6PZ5,041d2dd0b7c346b3bcdc78eb2ebd17e6,2025-12-10T18:26:20Z,2,,1dca94faeb044555b8f88ddce045efa0
spotify:track:28BMJNUEpAFUiPOBCk3Xw2,041d2dd0b7c346b3bcdc78eb2ebd17e6,2025-12-10T18:26:20Z,2,,1dca94faeb044555b8f88ddce045efa0
spotify:track:589AelScFm0FYQ4VG1biJi,041d2dd0b7c346b3bcdc78eb2ebd17e6,2025-12-10T18:26:20Z,3,Cliche but actually objectively good music,1dca94faeb044555b8f88ddce045efa0
spotify:track:62Da3JOu9H9EIgmqV7DoLG,041d2dd0b7c346b3bcdc78eb2ebd17e6,2025-12-10T18:26:20Z,3,,1dca94faeb044555b8f88ddce045efa0
spotify:track:7qkv79RK1ESgjeEgUdcGj8,041d2dd0b7c346b3bcdc78eb2ebd17e6,2025-12-10T18:26:20Z,4,,1dca94faeb044555b8f88ddce045efa0
spotify:track:0NLinDVPDkD2OCCqhh6PZ5,dcc28e0cb1484913a81b2043ee1b3fb9,2025-12-11T04:07:23Z,1,,1dca94faeb044555b8f88ddce045efa0
spotify:track:28BMJNUEpAFUiPOBCk3Xw2,dcc28e0cb1484913a81b2043ee1b3fb9,2025-12-11T04:07:23Z,1,,1dca94faeb044555b8f88ddce045efa0
spotify:track:55xly70WJY1cx5qsoogaqs,dcc28e0cb1484913a81b2043ee1b3fb9,2025-12-11T04:07:23Z,3,,1dca94faeb044555b8f88ddce045efa0
spotify:track:589AelScFm0FYQ4VG1biJi,dcc28e0cb1484913a81b2043ee1b3fb9,2025-12-11T04:07:23Z,4,,1dca94faeb044555b8f88ddce045efa0
spotify:track:5PUFKWLxbNUEtkblAgX10B,dcc28e0cb1484913a81b2043ee1b3fb9,2025-12-11T04:07:23Z,1,,1dca94faeb044555b8f88ddce045efa0
spotify:track:62Da3JOu9H9EIgmqV7DoLG,dcc28e0cb1484913a81b2043ee1b3fb9,2025-12-11T04:07:23Z,1,,1dca94faeb044555b8f88ddce045efa0
spotify:track:6lME0CcSj49T7LqeBOygXQ,dcc28e0cb1484913a81b2043ee1b3fb9,2025-12-11T04:07:23Z,1,,1dca94faeb044555b8f88ddce045efa0
spotify:track:7qkv79RK1ESgjeEgUdcGj8,dcc28e0cb1484913a81b2043ee1b3fb9,2025-12-11T04:07:23Z,2,,1dca94faeb044555b8f88ddce045efa0
spotify:track:0NLinDVPDkD2OCCqhh6PZ5,e999240901ce4d76955dcfe00bf2f022,2025-12-11T05:42:19Z,2,Sweet ,1dca94faeb044555b8f88ddce045efa0
spotify:track:1ijrMIqQvZNsnoqGukPzFD,e999240901ce4d76955dcfe00bf2f022,2025-12-11T05:42:19Z,2,,1dca94faeb044555b8f88ddce045efa0
spotify:track:55xly70WJY1cx5qsoogaqs,e999240901ce4d76955dcfe00bf2f022,2025-12-11T05:42:19Z,1,😱,1dca94faeb044555b8f88ddce045efa0
spotify:track:589AelScFm0FYQ4VG1biJi,e999240901ce4d76955dcfe00bf2f022,2025-12-11T05:42:19Z,3,,1dca94faeb044555b8f88ddce045efa0
spotify:track:5PUFKWLxbNUEtkblAgX10B,e999240901ce4d76955dcfe00bf2f022,2025-12-11T05:42:19Z,1,,1dca94faeb044555b8f88ddce045efa0
spotify:track:62Da3JOu9H9EIgmqV7DoLG,e999240901ce4d76955dcfe00bf2f022,2025-12-11T05:42:19Z,4,,1dca94faeb044555b8f88ddce045efa0
spotify:track:6lME0CcSj49T7LqeBOygXQ,e999240901ce4d76955dcfe00bf2f022,2025-12-11T05:42:19Z,1,,1dca94faeb044555b8f88ddce045efa0
spotify:track:7qkv79RK1ESgjeEgUdcGj8,e999240901ce4d76955dcfe00bf2f022,2025-12-11T05:42:19Z,0," ",1dca94faeb044555b8f88ddce045efa0
spotify:track:0NLinDVPDkD2OCCqhh6PZ5,2f0b5460e6ad4c9a9203f605c3ca0ad5,2025-12-12T03:13:04Z,2,,1dca94faeb044555b8f88ddce045efa0
spotify:track:28BMJNUEpAFUiPOBCk3Xw2,2f0b5460e6ad4c9a9203f605c3ca0ad5,2025-12-12T03:13:04Z,1,,1dca94faeb044555b8f88ddce045efa0
spotify:track:55xly70WJY1cx5qsoogaqs,2f0b5460e6ad4c9a9203f605c3ca0ad5,2025-12-12T03:13:04Z,1,,1dca94faeb044555b8f88ddce045efa0
spotify:track:589AelScFm0FYQ4VG1biJi,2f0b5460e6ad4c9a9203f605c3ca0ad5,2025-12-12T03:13:04Z,1,,1dca94faeb044555b8f88ddce045efa0
spotify:track:62Da3JOu9H9EIgmqV7DoLG,2f0b5460e6ad4c9a9203f605c3ca0ad5,2025-12-12T03:13:04Z,2,,1dca94faeb044555b8f88ddce045efa0
spotify:track:6lME0CcSj49T7LqeBOygXQ,2f0b5460e6ad4c9a9203f605c3ca0ad5,2025-12-12T03:13:04Z,1,,1dca94faeb044555b8f88ddce045efa0
spotify:track:7qkv79RK1ESgjeEgUdcGj8,2f0b5460e6ad4c9a9203f605c3ca0ad5,2025-12-12T03:13:04Z,6,,1dca94faeb044555b8f88ddce045efa0
spotify:track:0NLinDVPDkD2OCCqhh6PZ5,2c50a279a7434625875744cd926951b5,2025-12-12T03:22:04Z,1,,1dca94faeb044555b8f88ddce045efa0
spotify:track:28BMJNUEpAFUiPOBCk3Xw2,2c50a279a7434625875744cd926951b5,2025-12-12T03:22:04Z,1,,1dca94faeb044555b8f88ddce045efa0
spotify:track:55xly70WJY1cx5qsoogaqs,2c50a279a7434625875744cd926951b5,2025-12-12T03:22:04Z,1,,1dca94faeb044555b8f88ddce045efa0
spotify:track:589AelScFm0FYQ4VG1biJi,2c50a279a7434625875744cd926951b5,2025-12-12T03:22:04Z,1,,1dca94faeb044555b8f88ddce045efa0
spotify:track:5PUFKWLxbNUEtkblAgX10B,2c50a279a7434625875744cd926951b5,2025-12-12T03:22:04Z,4,I always forget about Danny Elfman. He's simply too good. ,1dca94faeb044555b8f88ddce045efa0
spotify:track:62Da3JOu9H9EIgmqV7DoLG,2c50a279a7434625875744cd926951b5,2025-12-12T03:22:04Z,3,"I used to be shamed for my love of this soundtrack so I'm happy to see that someone else appreciates it (assuming it's not Matt - he doesn't count). Whenever I played it in college, my roommates would announce, ""Mara's listening to her kill yourself music again."" ",1dca94faeb044555b8f88ddce045efa0
spotify:track:6lME0CcSj49T7LqeBOygXQ,2c50a279a7434625875744cd926951b5,2025-12-12T03:22:04Z,3,This is the 2nd Busta Rhymes reference I've seen this week. Spooky. ,1dca94faeb044555b8f88ddce045efa0
